都道府県コード,都道府県名,計,年月日
JP-01,北海道,2550,2011-07-28
JP-02,青森県,1169,2011-07-28
JP-03,岩手県,4892,2011-07-28
JP-04,宮城県,10282,2011-07-28
JP-05,秋田県,1657,2011-07-28
JP-06,山形県,8578,2011-07-28
JP-07,福島県,13192,2011-07-28
JP-08,茨城県,2365,2011-07-28
JP-09,栃木県,2803,2011-07-28
JP-10,群馬県,2303,2011-07-28
JP-11,埼玉県,2653,2011-07-28
JP-12,千葉県,3537,2011-07-28
JP-13,東京都,7204,2011-07-28
JP-14,神奈川県,1463,2011-07-28
JP-15,新潟県,7344,2011-07-28
JP-16,富山県,499,2011-07-28
JP-17,石川県,569,2011-07-28
JP-18,福井県,503,2011-07-28
JP-19,山梨県,876,2011-07-28
JP-20,長野県,1235,2011-07-28
JP-21,岐阜県,379,2011-07-28
JP-22,静岡県,1481,2011-07-28
JP-23,愛知県,1257,2011-07-28
JP-24,三重県,199,2011-07-28
JP-25,滋賀県,423,2011-07-28
JP-26,京都府,790,2011-07-28
JP-27,大阪府,999,2011-07-28
JP-28,兵庫県,1008,2011-07-28
JP-29,奈良県,139,2011-07-28
JP-30,和歌山県,101,2011-07-28
JP-31,鳥取県,147,2011-07-28
JP-32,島根県,168,2011-07-28
JP-33,岡山県,420,2011-07-28
JP-34,広島県,428,2011-07-28
JP-35,山口県,193,2011-07-28
JP-36,徳島県,123,2011-07-28
JP-37,香川県,81,2011-07-28
JP-38,愛媛県,262,2011-07-28
JP-39,高知県,135,2011-07-28
JP-40,福岡県,604,2011-07-28
JP-41,佐賀県,281,2011-07-28
JP-42,長崎県,169,2011-07-28
JP-43,熊本県,235,2011-07-28
JP-44,大分県,378,2011-07-28
JP-45,宮崎県,148,2011-07-28
JP-46,鹿児島県,247,2011-07-28
JP-47,沖縄県,594,2011-07-28
JP-01,北海道,3090,2011-08-11
JP-02,青森県,1192,2011-08-11
JP-03,岩手県,5092,2011-08-11
JP-04,宮城県,7361,2011-08-11
JP-05,秋田県,1882,2011-08-11
JP-06,山形県,10890,2011-08-11
JP-07,福島県,9077,2011-08-11
JP-08,茨城県,2480,2011-08-11
JP-09,栃木県,2799,2011-08-11
JP-10,群馬県,2211,2011-08-11
JP-11,埼玉県,2528,2011-08-11
JP-12,千葉県,3591,2011-08-11
JP-13,東京都,7244,2011-08-11
JP-14,神奈川県,1513,2011-08-11
JP-15,新潟県,6765,2011-08-11
JP-16,富山県,508,2011-08-11
JP-17,石川県,551,2011-08-11
JP-18,福井県,503,2011-08-11
JP-19,山梨県,895,2011-08-11
JP-20,長野県,1240,2011-08-11
JP-21,岐阜県,387,2011-08-11
JP-22,静岡県,1505,2011-08-11
JP-23,愛知県,1287,2011-08-11
JP-24,三重県,199,2011-08-11
JP-25,滋賀県,421,2011-08-11
JP-26,京都府,800,2011-08-11
JP-27,大阪府,1039,2011-08-11
JP-28,兵庫県,1046,2011-08-11
JP-29,奈良県,145,2011-08-11
JP-30,和歌山県,102,2011-08-11
JP-31,鳥取県,167,2011-08-11
JP-32,島根県,162,2011-08-11
JP-33,岡山県,424,2011-08-11
JP-34,広島県,429,2011-08-11
JP-35,山口県,203,2011-08-11
JP-36,徳島県,128,2011-08-11
JP-37,香川県,76,2011-08-11
JP-38,愛媛県,260,2011-08-11
JP-39,高知県,135,2011-08-11
JP-40,福岡県,624,2011-08-11
JP-41,佐賀県,313,2011-08-11
JP-42,長崎県,171,2011-08-11
JP-43,熊本県,232,2011-08-11
JP-44,大分県,376,2011-08-11
JP-45,宮崎県,159,2011-08-11
JP-46,鹿児島県,265,2011-08-11
JP-47,沖縄県,632,2011-08-11
JP-01,北海道,3220,2011-08-25
JP-02,青森県,1209,2011-08-25
JP-03,岩手県,4233,2011-08-25
JP-04,宮城県,6038,2011-08-25
JP-05,秋田県,2531,2011-08-25
JP-06,山形県,11413,2011-08-25
JP-07,福島県,6683,2011-08-25
JP-08,茨城県,2477,2011-08-25
JP-09,栃木県,2772,2011-08-25
JP-10,群馬県,2201,2011-08-25
JP-11,埼玉県,4552,2011-08-25
JP-12,千葉県,3618,2011-08-25
JP-13,東京都,8555,2011-08-25
JP-14,神奈川県,1498,2011-08-25
JP-15,新潟県,6541,2011-08-25
JP-16,富山県,501,2011-08-25
JP-17,石川県,549,2011-08-25
JP-18,福井県,507,2011-08-25
JP-19,山梨県,900,2011-08-25
JP-20,長野県,1218,2011-08-25
JP-21,岐阜県,390,2011-08-25
JP-22,静岡県,1463,2011-08-25
JP-23,愛知県,1273,2011-08-25
JP-24,三重県,199,2011-08-25
JP-25,滋賀県,421,2011-08-25
JP-26,京都府,797,2011-08-25
JP-27,大阪府,1060,2011-08-25
JP-28,兵庫県,1040,2011-08-25
JP-29,奈良県,146,2011-08-25
JP-30,和歌山県,104,2011-08-25
JP-31,鳥取県,166,2011-08-25
JP-32,島根県,156,2011-08-25
JP-33,岡山県,418,2011-08-25
JP-34,広島県,449,2011-08-25
JP-35,山口県,203,2011-08-25
JP-36,徳島県,132,2011-08-25
JP-37,香川県,78,2011-08-25
JP-38,愛媛県,258,2011-08-25
JP-39,高知県,133,2011-08-25
JP-40,福岡県,660,2011-08-25
JP-41,佐賀県,321,2011-08-25
JP-42,長崎県,179,2011-08-25
JP-43,熊本県,229,2011-08-25
JP-44,大分県,377,2011-08-25
JP-45,宮崎県,169,2011-08-25
JP-46,鹿児島県,272,2011-08-25
JP-47,沖縄県,636,2011-08-25
JP-01,北海道,3159,2011-09-08
JP-02,青森県,1188,2011-09-08
JP-03,岩手県,1801,2011-09-08
JP-04,宮城県,2853,2011-09-08
JP-05,秋田県,2026,2011-09-08
JP-06,山形県,11802,2011-09-08
JP-07,福島県,3834,2011-09-08
JP-08,茨城県,2533,2011-09-08
JP-09,栃木県,2724,2011-09-08
JP-10,群馬県,2078,2011-09-08
JP-11,埼玉県,5141,2011-09-08
JP-12,千葉県,3640,2011-09-08
JP-13,東京都,8487,2011-09-08
JP-14,神奈川県,1492,2011-09-08
JP-15,新潟県,6486,2011-09-08
JP-16,富山県,462,2011-09-08
JP-17,石川県,536,2011-09-08
JP-18,福井県,509,2011-09-08
JP-19,山梨県,907,2011-09-08
JP-20,長野県,1160,2011-09-08
JP-21,岐阜県,392,2011-09-08
JP-22,静岡県,1454,2011-09-08
JP-23,愛知県,1243,2011-09-08
JP-24,三重県,195,2011-09-08
JP-25,滋賀県,419,2011-09-08
JP-26,京都府,1000,2011-09-08
JP-27,大阪府,1063,2011-09-08
JP-28,兵庫県,1059,2011-09-08
JP-29,奈良県,151,2011-09-08
JP-30,和歌山県,117,2011-09-08
JP-31,鳥取県,156,2011-09-08
JP-32,島根県,152,2011-09-08
JP-33,岡山県,505,2011-09-08
JP-34,広島県,451,2011-09-08
JP-35,山口県,200,2011-09-08
JP-36,徳島県,137,2011-09-08
JP-37,香川県,82,2011-09-08
JP-38,愛媛県,245,2011-09-08
JP-39,高知県,130,2011-09-08
JP-40,福岡県,681,2011-09-08
JP-41,佐賀県,313,2011-09-08
JP-42,長崎県,170,2011-09-08
JP-43,熊本県,237,2011-09-08
JP-44,大分県,390,2011-09-08
JP-45,宮崎県,169,2011-09-08
JP-46,鹿児島県,280,2011-09-08
JP-47,沖縄県,691,2011-09-08
JP-01,北海道,3075,2011-09-22
JP-02,青森県,1212,2011-09-22
JP-03,岩手県,1807,2011-09-22
JP-04,宮城県,2122,2011-09-22
JP-05,秋田県,1695,2011-09-22
JP-06,山形県,12171,2011-09-22
JP-07,福島県,2634,2011-09-22
JP-08,茨城県,2872,2011-09-22
JP-09,栃木県,2745,2011-09-22
JP-10,群馬県,2089,2011-09-22
JP-11,埼玉県,5124,2011-09-22
JP-12,千葉県,3697,2011-09-22
JP-13,東京都,7779,2011-09-22
JP-14,神奈川県,1474,2011-09-22
JP-15,新潟県,6623,2011-09-22
JP-16,富山県,475,2011-09-22
JP-17,石川県,538,2011-09-22
JP-18,福井県,500,2011-09-22
JP-19,山梨県,888,2011-09-22
JP-20,長野県,1169,2011-09-22
JP-21,岐阜県,396,2011-09-22
JP-22,静岡県,1417,2011-09-22
JP-23,愛知県,1260,2011-09-22
JP-24,三重県,195,2011-09-22
JP-25,滋賀県,424,2011-09-22
JP-26,京都府,1008,2011-09-22
JP-27,大阪府,1386,2011-09-22
JP-28,兵庫県,1045,2011-09-22
JP-29,奈良県,157,2011-09-22
JP-30,和歌山県,122,2011-09-22
JP-31,鳥取県,168,2011-09-22
JP-32,島根県,152,2011-09-22
JP-33,岡山県,502,2011-09-22
JP-34,広島県,465,2011-09-22
JP-35,山口県,200,2011-09-22
JP-36,徳島県,159,2011-09-22
JP-37,香川県,87,2011-09-22
JP-38,愛媛県,247,2011-09-22
JP-39,高知県,135,2011-09-22
JP-40,福岡県,699,2011-09-22
JP-41,佐賀県,313,2011-09-22
JP-42,長崎県,172,2011-09-22
JP-43,熊本県,243,2011-09-22
JP-44,大分県,383,2011-09-22
JP-45,宮崎県,235,2011-09-22
JP-46,鹿児島県,275,2011-09-22
JP-47,沖縄県,715,2011-09-22
JP-01,北海道,3047,2011-10-06
JP-02,青森県,1196,2011-10-06
JP-03,岩手県,1877,2011-10-06
JP-04,宮城県,910,2011-10-06
JP-05,秋田県,1628,2011-10-06
JP-06,山形県,12613,2011-10-06
JP-07,福島県,1628,2011-10-06
JP-08,茨城県,2892,2011-10-06
JP-09,栃木県,2698,2011-10-06
JP-10,群馬県,2076,2011-10-06
JP-11,埼玉県,5036,2011-10-06
JP-12,千葉県,3659,2011-10-06
JP-13,東京都,7946,2011-10-06
JP-14,神奈川県,1476,2011-10-06
JP-15,新潟県,6654,2011-10-06
JP-16,富山県,469,2011-10-06
JP-17,石川県,542,2011-10-06
JP-18,福井県,503,2011-10-06
JP-19,山梨県,890,2011-10-06
JP-20,長野県,1143,2011-10-06
JP-21,岐阜県,414,2011-10-06
JP-22,静岡県,1433,2011-10-06
JP-23,愛知県,1275,2011-10-06
JP-24,三重県,190,2011-10-06
JP-25,滋賀県,421,2011-10-06
JP-26,京都府,1023,2011-10-06
JP-27,大阪府,1397,2011-10-06
JP-28,兵庫県,1058,2011-10-06
JP-29,奈良県,151,2011-10-06
JP-30,和歌山県,123,2011-10-06
JP-31,鳥取県,173,2011-10-06
JP-32,島根県,148,2011-10-06
JP-33,岡山県,500,2011-10-06
JP-34,広島県,493,2011-10-06
JP-35,山口県,192,2011-10-06
JP-36,徳島県,159,2011-10-06
JP-37,香川県,84,2011-10-06
JP-38,愛媛県,256,2011-10-06
JP-39,高知県,132,2011-10-06
JP-40,福岡県,697,2011-10-06
JP-41,佐賀県,308,2011-10-06
JP-42,長崎県,179,2011-10-06
JP-43,熊本県,248,2011-10-06
JP-44,大分県,378,2011-10-06
JP-45,宮崎県,237,2011-10-06
JP-46,鹿児島県,267,2011-10-06
JP-47,沖縄県,759,2011-10-06
JP-01,北海道,3049,2011-10-20
JP-02,青森県,1120,2011-10-20
JP-03,岩手県,1922,2011-10-20
JP-04,宮城県,321,2011-10-20
JP-05,秋田県,1633,2011-10-20
JP-06,山形県,13004,2011-10-20
JP-07,福島県,1149,2011-10-20
JP-08,茨城県,2945,2011-10-20
JP-09,栃木県,2710,2011-10-20
JP-10,群馬県,2055,2011-10-20
JP-11,埼玉県,4984,2011-10-20
JP-12,千葉県,3701,2011-10-20
JP-13,東京都,8108,2011-10-20
JP-14,神奈川県,1543,2011-10-20
JP-15,新潟県,6798,2011-10-20
JP-16,富山県,466,2011-10-20
JP-17,石川県,527,2011-10-20
JP-18,福井県,501,2011-10-20
JP-19,山梨県,858,2011-10-20
JP-20,長野県,1157,2011-10-20
JP-21,岐阜県,417,2011-10-20
JP-22,静岡県,1451,2011-10-20
JP-23,愛知県,1261,2011-10-20
JP-24,三重県,189,2011-10-20
JP-25,滋賀県,406,2011-10-20
JP-26,京都府,1033,2011-10-20
JP-27,大阪府,1401,2011-10-20
JP-28,兵庫県,1065,2011-10-20
JP-29,奈良県,154,2011-10-20
JP-30,和歌山県,123,2011-10-20
JP-31,鳥取県,172,2011-10-20
JP-32,島根県,149,2011-10-20
JP-33,岡山県,503,2011-10-20
JP-34,広島県,500,2011-10-20
JP-35,山口県,188,2011-10-20
JP-36,徳島県,159,2011-10-20
JP-37,香川県,85,2011-10-20
JP-38,愛媛県,267,2011-10-20
JP-39,高知県,133,2011-10-20
JP-40,福岡県,714,2011-10-20
JP-41,佐賀県,310,2011-10-20
JP-42,長崎県,181,2011-10-20
JP-43,熊本県,263,2011-10-20
JP-44,大分県,369,2011-10-20
JP-45,宮崎県,243,2011-10-20
JP-46,鹿児島県,269,2011-10-20
JP-47,沖縄県,802,2011-10-20
JP-01,北海道,3037,2011-11-02
JP-02,青森県,1098,2011-11-02
JP-03,岩手県,1978,2011-11-02
JP-04,宮城県,398,2011-11-02
JP-05,秋田県,1633,2011-11-02
JP-06,山形県,13342,2011-11-02
JP-07,福島県,466,2011-11-02
JP-08,茨城県,2971,2011-11-02
JP-09,栃木県,2682,2011-11-02
JP-10,群馬県,2035,2011-11-02
JP-11,埼玉県,4937,2011-11-02
JP-12,千葉県,3736,2011-11-02
JP-13,東京都,8354,2011-11-02
JP-14,神奈川県,1732,2011-11-02
JP-15,新潟県,6863,2011-11-02
JP-16,富山県,452,2011-11-02
JP-17,石川県,536,2011-11-02
JP-18,福井県,496,2011-11-02
JP-19,山梨県,834,2011-11-02
JP-20,長野県,1155,2011-11-02
JP-21,岐阜県,420,2011-11-02
JP-22,静岡県,1447,2011-11-02
JP-23,愛知県,1251,2011-11-02
JP-24,三重県,189,2011-11-02
JP-25,滋賀県,407,2011-11-02
JP-26,京都府,1041,2011-11-02
JP-27,大阪府,1420,2011-11-02
JP-28,兵庫県,1068,2011-11-02
JP-29,奈良県,157,2011-11-02
JP-30,和歌山県,124,2011-11-02
JP-31,鳥取県,170,2011-11-02
JP-32,島根県,149,2011-11-02
JP-33,岡山県,495,2011-11-02
JP-34,広島県,497,2011-11-02
JP-35,山口県,194,2011-11-02
JP-36,徳島県,161,2011-11-02
JP-37,香川県,88,2011-11-02
JP-38,愛媛県,267,2011-11-02
JP-39,高知県,132,2011-11-02
JP-40,福岡県,715,2011-11-02
JP-41,佐賀県,314,2011-11-02
JP-42,長崎県,179,2011-11-02
JP-43,熊本県,263,2011-11-02
JP-44,大分県,373,2011-11-02
JP-45,宮崎県,244,2011-11-02
JP-46,鹿児島県,261,2011-11-02
JP-47,沖縄県,804,2011-11-02
JP-01,北海道,3030,2011-11-17
JP-02,青森県,1122,2011-11-17
JP-03,岩手県,42472,2011-11-17
JP-04,宮城県,122229,2011-11-17
JP-05,秋田県,1580,2011-11-17
JP-06,山形県,13516,2011-11-17
JP-07,福島県,94343,2011-11-17
JP-08,茨城県,3023,2011-11-17
JP-09,栃木県,2697,2011-11-17
JP-10,群馬県,2033,2011-11-17
JP-11,埼玉県,4921,2011-11-17
JP-12,千葉県,3675,2011-11-17
JP-13,東京都,8869,2011-11-17
JP-14,神奈川県,2087,2011-11-17
JP-15,新潟県,6982,2011-11-17
JP-16,富山県,437,2011-11-17
JP-17,石川県,540,2011-11-17
JP-18,福井県,489,2011-11-17
JP-19,山梨県,835,2011-11-17
JP-20,長野県,1167,2011-11-17
JP-21,岐阜県,423,2011-11-17
JP-22,静岡県,1448,2011-11-17
JP-23,愛知県,1252,2011-11-17
JP-24,三重県,189,2011-11-17
JP-25,滋賀県,403,2011-11-17
JP-26,京都府,1049,2011-11-17
JP-27,大阪府,1411,2011-11-17
JP-28,兵庫県,1072,2011-11-17
JP-29,奈良県,156,2011-11-17
JP-30,和歌山県,119,2011-11-17
JP-31,鳥取県,172,2011-11-17
JP-32,島根県,145,2011-11-17
JP-33,岡山県,495,2011-11-17
JP-34,広島県,496,2011-11-17
JP-35,山口県,199,2011-11-17
JP-36,徳島県,161,2011-11-17
JP-37,香川県,90,2011-11-17
JP-38,愛媛県,266,2011-11-17
JP-39,高知県,134,2011-11-17
JP-40,福岡県,711,2011-11-17
JP-41,佐賀県,309,2011-11-17
JP-42,長崎県,187,2011-11-17
JP-43,熊本県,264,2011-11-17
JP-44,大分県,372,2011-11-17
JP-45,宮崎県,245,2011-11-17
JP-46,鹿児島県,268,2011-11-17
JP-47,沖縄県,820,2011-11-17
JP-01,北海道,3011,2011-12-01
JP-02,青森県,1098,2011-12-01
JP-03,岩手県,43953,2011-12-01
JP-04,宮城県,122557,2011-12-01
JP-05,秋田県,1575,2011-12-01
JP-06,山形県,13770,2011-12-01
JP-07,福島県,95200,2011-12-01
JP-08,茨城県,3168,2011-12-01
JP-09,栃木県,2654,2011-12-01
JP-10,群馬県,2057,2011-12-01
JP-11,埼玉県,4916,2011-12-01
JP-12,千葉県,3671,2011-12-01
JP-13,東京都,8973,2011-12-01
JP-14,神奈川県,2407,2011-12-01
JP-15,新潟県,7092,2011-12-01
JP-16,富山県,419,2011-12-01
JP-17,石川県,537,2011-12-01
JP-18,福井県,490,2011-12-01
JP-19,山梨県,818,2011-12-01
JP-20,長野県,1151,2011-12-01
JP-21,岐阜県,419,2011-12-01
JP-22,静岡県,1457,2011-12-01
JP-23,愛知県,1248,2011-12-01
JP-24,三重県,441,2011-12-01
JP-25,滋賀県,395,2011-12-01
JP-26,京都府,1044,2011-12-01
JP-27,大阪府,1438,2011-12-01
JP-28,兵庫県,1065,2011-12-01
JP-29,奈良県,157,2011-12-01
JP-30,和歌山県,120,2011-12-01
JP-31,鳥取県,173,2011-12-01
JP-32,島根県,149,2011-12-01
JP-33,岡山県,534,2011-12-01
JP-34,広島県,501,2011-12-01
JP-35,山口県,192,2011-12-01
JP-36,徳島県,161,2011-12-01
JP-37,香川県,90,2011-12-01
JP-38,愛媛県,266,2011-12-01
JP-39,高知県,133,2011-12-01
JP-40,福岡県,712,2011-12-01
JP-41,佐賀県,307,2011-12-01
JP-42,長崎県,183,2011-12-01
JP-43,熊本県,278,2011-12-01
JP-44,大分県,367,2011-12-01
JP-45,宮崎県,248,2011-12-01
JP-46,鹿児島県,267,2011-12-01
JP-47,沖縄県,829,2011-12-01
JP-01,北海道,3023,2011-12-15
JP-02,青森県,1102,2011-12-15
JP-03,岩手県,43812,2011-12-15
JP-04,宮城県,123927,2011-12-15
JP-05,秋田県,1564,2011-12-15
JP-06,山形県,13711,2011-12-15
JP-07,福島県,95546,2011-12-15
JP-08,茨城県,3263,2011-12-15
JP-09,栃木県,2619,2011-12-15
JP-10,群馬県,2093,2011-12-15
JP-11,埼玉県,4914,2011-12-15
JP-12,千葉県,3602,2011-12-15
JP-13,東京都,9033,2011-12-15
JP-14,神奈川県,2743,2011-12-15
JP-15,新潟県,7095,2011-12-15
JP-16,富山県,417,2011-12-15
JP-17,石川県,530,2011-12-15
JP-18,福井県,492,2011-12-15
JP-19,山梨県,826,2011-12-15
JP-20,長野県,1146,2011-12-15
JP-21,岐阜県,424,2011-12-15
JP-22,静岡県,1465,2011-12-15
JP-23,愛知県,1255,2011-12-15
JP-24,三重県,423,2011-12-15
JP-25,滋賀県,390,2011-12-15
JP-26,京都府,1052,2011-12-15
JP-27,大阪府,1447,2011-12-15
JP-28,兵庫県,1068,2011-12-15
JP-29,奈良県,157,2011-12-15
JP-30,和歌山県,123,2011-12-15
JP-31,鳥取県,175,2011-12-15
JP-32,島根県,146,2011-12-15
JP-33,岡山県,580,2011-12-15
JP-34,広島県,507,2011-12-15
JP-35,山口県,192,2011-12-15
JP-36,徳島県,165,2011-12-15
JP-37,香川県,98,2011-12-15
JP-38,愛媛県,270,2011-12-15
JP-39,高知県,133,2011-12-15
JP-40,福岡県,736,2011-12-15
JP-41,佐賀県,313,2011-12-15
JP-42,長崎県,181,2011-12-15
JP-43,熊本県,287,2011-12-15
JP-44,大分県,366,2011-12-15
JP-45,宮崎県,246,2011-12-15
JP-46,鹿児島県,266,2011-12-15
JP-47,沖縄県,863,2011-12-15
JP-01,北海道,3017,2012-01-12
JP-02,青森県,1116,2012-01-12
JP-03,岩手県,43875,2012-01-12
JP-04,宮城県,125008,2012-01-12
JP-05,秋田県,1571,2012-01-12
JP-06,山形県,13723,2012-01-12
JP-07,福島県,96835,2012-01-12
JP-08,茨城県,3548,2012-01-12
JP-09,栃木県,2776,2012-01-12
JP-10,群馬県,2048,2012-01-12
JP-11,埼玉県,4825,2012-01-12
JP-12,千葉県,3643,2012-01-12
JP-13,東京都,9106,2012-01-12
JP-14,神奈川県,2852,2012-01-12
JP-15,新潟県,7081,2012-01-12
JP-16,富山県,398,2012-01-12
JP-17,石川県,519,2012-01-12
JP-18,福井県,475,2012-01-12
JP-19,山梨県,833,2012-01-12
JP-20,長野県,1174,2012-01-12
JP-21,岐阜県,427,2012-01-12
JP-22,静岡県,1437,2012-01-12
JP-23,愛知県,1262,2012-01-12
JP-24,三重県,425,2012-01-12
JP-25,滋賀県,391,2012-01-12
JP-26,京都府,1050,2012-01-12
JP-27,大阪府,1465,2012-01-12
JP-28,兵庫県,1056,2012-01-12
JP-29,奈良県,151,2012-01-12
JP-30,和歌山県,129,2012-01-12
JP-31,鳥取県,181,2012-01-12
JP-32,島根県,145,2012-01-12
JP-33,岡山県,619,2012-01-12
JP-34,広島県,521,2012-01-12
JP-35,山口県,196,2012-01-12
JP-36,徳島県,165,2012-01-12
JP-37,香川県,97,2012-01-12
JP-38,愛媛県,266,2012-01-12
JP-39,高知県,141,2012-01-12
JP-40,福岡県,706,2012-01-12
JP-41,佐賀県,319,2012-01-12
JP-42,長崎県,179,2012-01-12
JP-43,熊本県,288,2012-01-12
JP-44,大分県,357,2012-01-12
JP-45,宮崎県,252,2012-01-12
JP-46,鹿児島県,269,2012-01-12
JP-47,沖縄県,902,2012-01-12
JP-01,北海道,3048,2012-01-26
JP-02,青森県,1120,2012-01-26
JP-03,岩手県,43782,2012-01-26
JP-04,宮城県,125146,2012-01-26
JP-05,秋田県,1571,2012-01-26
JP-06,山形県,13797,2012-01-26
JP-07,福島県,97287,2012-01-26
JP-08,茨城県,5748,2012-01-26
JP-09,栃木県,3106,2012-01-26
JP-10,群馬県,2043,2012-01-26
JP-11,埼玉県,4807,2012-01-26
JP-12,千葉県,3857,2012-01-26
JP-13,東京都,9197,2012-01-26
JP-14,神奈川県,2873,2012-01-26
JP-15,新潟県,7050,2012-01-26
JP-16,富山県,399,2012-01-26
JP-17,石川県,516,2012-01-26
JP-18,福井県,457,2012-01-26
JP-19,山梨県,838,2012-01-26
JP-20,長野県,1336,2012-01-26
JP-21,岐阜県,430,2012-01-26
JP-22,静岡県,1425,2012-01-26
JP-23,愛知県,1296,2012-01-26
JP-24,三重県,419,2012-01-26
JP-25,滋賀県,390,2012-01-26
JP-26,京都府,1045,2012-01-26
JP-27,大阪府,1454,2012-01-26
JP-28,兵庫県,1059,2012-01-26
JP-29,奈良県,159,2012-01-26
JP-30,和歌山県,129,2012-01-26
JP-31,鳥取県,190,2012-01-26
JP-32,島根県,144,2012-01-26
JP-33,岡山県,636,2012-01-26
JP-34,広島県,526,2012-01-26
JP-35,山口県,196,2012-01-26
JP-36,徳島県,165,2012-01-26
JP-37,香川県,98,2012-01-26
JP-38,愛媛県,235,2012-01-26
JP-39,高知県,143,2012-01-26
JP-40,福岡県,713,2012-01-26
JP-41,佐賀県,319,2012-01-26
JP-42,長崎県,176,2012-01-26
JP-43,熊本県,298,2012-01-26
JP-44,大分県,348,2012-01-26
JP-45,宮崎県,257,2012-01-26
JP-46,鹿児島県,270,2012-01-26
JP-47,沖縄県,913,2012-01-26
JP-01,北海道,3025,2012-02-09
JP-02,青森県,1407,2012-02-09
JP-03,岩手県,43773,2012-02-09
JP-04,宮城県,126232,2012-02-09
JP-05,秋田県,1559,2012-02-09
JP-06,山形県,13762,2012-02-09
JP-07,福島県,97231,2012-02-09
JP-08,茨城県,5728,2012-02-09
JP-09,栃木県,3173,2012-02-09
JP-10,群馬県,2034,2012-02-09
JP-11,埼玉県,4791,2012-02-09
JP-12,千葉県,3679,2012-02-09
JP-13,東京都,9148,2012-02-09
JP-14,神奈川県,2871,2012-02-09
JP-15,新潟県,7095,2012-02-09
JP-16,富山県,396,2012-02-09
JP-17,石川県,508,2012-02-09
JP-18,福井県,457,2012-02-09
JP-19,山梨県,839,2012-02-09
JP-20,長野県,1370,2012-02-09
JP-21,岐阜県,433,2012-02-09
JP-22,静岡県,1419,2012-02-09
JP-23,愛知県,1266,2012-02-09
JP-24,三重県,418,2012-02-09
JP-25,滋賀県,391,2012-02-09
JP-26,京都府,1058,2012-02-09
JP-27,大阪府,1423,2012-02-09
JP-28,兵庫県,1054,2012-02-09
JP-29,奈良県,153,2012-02-09
JP-30,和歌山県,129,2012-02-09
JP-31,鳥取県,190,2012-02-09
JP-32,島根県,144,2012-02-09
JP-33,岡山県,646,2012-02-09
JP-34,広島県,522,2012-02-09
JP-35,山口県,198,2012-02-09
JP-36,徳島県,165,2012-02-09
JP-37,香川県,94,2012-02-09
JP-38,愛媛県,235,2012-02-09
JP-39,高知県,140,2012-02-09
JP-40,福岡県,703,2012-02-09
JP-41,佐賀県,319,2012-02-09
JP-42,長崎県,176,2012-02-09
JP-43,熊本県,301,2012-02-09
JP-44,大分県,350,2012-02-09
JP-45,宮崎県,258,2012-02-09
JP-46,鹿児島県,271,2012-02-09
JP-47,沖縄県,975,2012-02-09
JP-01,北海道,3057,2012-02-23
JP-02,青森県,1410,2012-02-23
JP-03,岩手県,43353,2012-02-23
JP-04,宮城県,127714,2012-02-23
JP-05,秋田県,1559,2012-02-23
JP-06,山形県,13736,2012-02-23
JP-07,福島県,97433,2012-02-23
JP-08,茨城県,5676,2012-02-23
JP-09,栃木県,3197,2012-02-23
JP-10,群馬県,2074,2012-02-23
JP-11,埼玉県,4780,2012-02-23
JP-12,千葉県,3631,2012-02-23
JP-13,東京都,9226,2012-02-23
JP-14,神奈川県,2875,2012-02-23
JP-15,新潟県,7095,2012-02-23
JP-16,富山県,397,2012-02-23
JP-17,石川県,519,2012-02-23
JP-18,福井県,457,2012-02-23
JP-19,山梨県,840,2012-02-23
JP-20,長野県,1383,2012-02-23
JP-21,岐阜県,422,2012-02-23
JP-22,静岡県,1404,2012-02-23
JP-23,愛知県,1265,2012-02-23
JP-24,三重県,434,2012-02-23
JP-25,滋賀県,391,2012-02-23
JP-26,京都府,1059,2012-02-23
JP-27,大阪府,1446,2012-02-23
JP-28,兵庫県,1075,2012-02-23
JP-29,奈良県,154,2012-02-23
JP-30,和歌山県,131,2012-02-23
JP-31,鳥取県,190,2012-02-23
JP-32,島根県,142,2012-02-23
JP-33,岡山県,658,2012-02-23
JP-34,広島県,529,2012-02-23
JP-35,山口県,198,2012-02-23
JP-36,徳島県,169,2012-02-23
JP-37,香川県,98,2012-02-23
JP-38,愛媛県,226,2012-02-23
JP-39,高知県,140,2012-02-23
JP-40,福岡県,714,2012-02-23
JP-41,佐賀県,320,2012-02-23
JP-42,長崎県,178,2012-02-23
JP-43,熊本県,311,2012-02-23
JP-44,大分県,354,2012-02-23
JP-45,宮崎県,256,2012-02-23
JP-46,鹿児島県,272,2012-02-23
JP-47,沖縄県,987,2012-02-23
JP-01,北海道,3075,2012-03-08
JP-02,青森県,1413,2012-03-08
JP-03,岩手県,42789,2012-03-08
JP-04,宮城県,127792,2012-03-08
JP-05,秋田県,1544,2012-03-08
JP-06,山形県,13730,2012-03-08
JP-07,福島県,97946,2012-03-08
JP-08,茨城県,6040,2012-03-08
JP-09,栃木県,3194,2012-03-08
JP-10,群馬県,2084,2012-03-08
JP-11,埼玉県,4774,2012-03-08
JP-12,千葉県,NA,2012-03-08
JP-13,東京都,9292,2012-03-08
JP-14,神奈川県,2887,2012-03-08
JP-15,新潟県,7091,2012-03-08
JP-16,富山県,386,2012-03-08
JP-17,石川県,527,2012-03-08
JP-18,福井県,447,2012-03-08
JP-19,山梨県,844,2012-03-08
JP-20,長野県,1368,2012-03-08
JP-21,岐阜県,412,2012-03-08
JP-22,静岡県,1396,2012-03-08
JP-23,愛知県,1284,2012-03-08
JP-24,三重県,417,2012-03-08
JP-25,滋賀県,390,2012-03-08
JP-26,京都府,1059,2012-03-08
JP-27,大阪府,1331,2012-03-08
JP-28,兵庫県,1068,2012-03-08
JP-29,奈良県,154,2012-03-08
JP-30,和歌山県,131,2012-03-08
JP-31,鳥取県,195,2012-03-08
JP-32,島根県,141,2012-03-08
JP-33,岡山県,669,2012-03-08
JP-34,広島県,532,2012-03-08
JP-35,山口県,202,2012-03-08
JP-36,徳島県,169,2012-03-08
JP-37,香川県,99,2012-03-08
JP-38,愛媛県,230,2012-03-08
JP-39,高知県,141,2012-03-08
JP-40,福岡県,711,2012-03-08
JP-41,佐賀県,324,2012-03-08
JP-42,長崎県,174,2012-03-08
JP-43,熊本県,307,2012-03-08
JP-44,大分県,358,2012-03-08
JP-45,宮崎県,255,2012-03-08
JP-46,鹿児島県,273,2012-03-08
JP-47,沖縄県,969,2012-03-08
JP-01,北海道,3063,2012-03-22
JP-02,青森県,1424,2012-03-22
JP-03,岩手県,42771,2012-03-22
JP-04,宮城県,127952,2012-03-22
JP-05,秋田県,1544,2012-03-22
JP-06,山形県,13693,2012-03-22
JP-07,福島県,98221,2012-03-22
JP-08,茨城県,5906,2012-03-22
JP-09,栃木県,3122,2012-03-22
JP-10,群馬県,2078,2012-03-22
JP-11,埼玉県,4575,2012-03-22
JP-12,千葉県,3687,2012-03-22
JP-13,東京都,9278,2012-03-22
JP-14,神奈川県,2892,2012-03-22
JP-15,新潟県,7111,2012-03-22
JP-16,富山県,391,2012-03-22
JP-17,石川県,532,2012-03-22
JP-18,福井県,447,2012-03-22
JP-19,山梨県,844,2012-03-22
JP-20,長野県,1364,2012-03-22
JP-21,岐阜県,410,2012-03-22
JP-22,静岡県,1394,2012-03-22
JP-23,愛知県,1268,2012-03-22
JP-24,三重県,413,2012-03-22
JP-25,滋賀県,386,2012-03-22
JP-26,京都府,1062,2012-03-22
JP-27,大阪府,1328,2012-03-22
JP-28,兵庫県,1064,2012-03-22
JP-29,奈良県,154,2012-03-22
JP-30,和歌山県,131,2012-03-22
JP-31,鳥取県,197,2012-03-22
JP-32,島根県,143,2012-03-22
JP-33,岡山県,669,2012-03-22
JP-34,広島県,543,2012-03-22
JP-35,山口県,206,2012-03-22
JP-36,徳島県,170,2012-03-22
JP-37,香川県,102,2012-03-22
JP-38,愛媛県,229,2012-03-22
JP-39,高知県,144,2012-03-22
JP-40,福岡県,732,2012-03-22
JP-41,佐賀県,315,2012-03-22
JP-42,長崎県,180,2012-03-22
JP-43,熊本県,310,2012-03-22
JP-44,大分県,356,2012-03-22
JP-45,宮崎県,266,2012-03-22
JP-46,鹿児島県,278,2012-03-22
JP-47,沖縄県,1000,2012-03-22
JP-01,北海道,3003,2012-04-05
JP-02,青森県,1410,2012-04-05
JP-03,岩手県,42716,2012-04-05
JP-04,宮城県,127825,2012-04-05
JP-05,秋田県,1473,2012-04-05
JP-06,山形県,13538,2012-04-05
JP-07,福島県,98595,2012-04-05
JP-08,茨城県,6077,2012-04-05
JP-09,栃木県,3157,2012-04-05
JP-10,群馬県,1974,2012-04-05
JP-11,埼玉県,4778,2012-04-05
JP-12,千葉県,3608,2012-04-05
JP-13,東京都,9505,2012-04-05
JP-14,神奈川県,2888,2012-04-05
JP-15,新潟県,6990,2012-04-05
JP-16,富山県,377,2012-04-05
JP-17,石川県,499,2012-04-05
JP-18,福井県,443,2012-04-05
JP-19,山梨県,837,2012-04-05
JP-20,長野県,1363,2012-04-05
JP-21,岐阜県,412,2012-04-05
JP-22,静岡県,1399,2012-04-05
JP-23,愛知県,1260,2012-04-05
JP-24,三重県,413,2012-04-05
JP-25,滋賀県,385,2012-04-05
JP-26,京都府,1056,2012-04-05
JP-27,大阪府,1335,2012-04-05
JP-28,兵庫県,1033,2012-04-05
JP-29,奈良県,166,2012-04-05
JP-30,和歌山県,130,2012-04-05
JP-31,鳥取県,194,2012-04-05
JP-32,島根県,142,2012-04-05
JP-33,岡山県,771,2012-04-05
JP-34,広島県,539,2012-04-05
JP-35,山口県,206,2012-04-05
JP-36,徳島県,100,2012-04-05
JP-37,香川県,111,2012-04-05
JP-38,愛媛県,232,2012-04-05
JP-39,高知県,142,2012-04-05
JP-40,福岡県,744,2012-04-05
JP-41,佐賀県,304,2012-04-05
JP-42,長崎県,174,2012-04-05
JP-43,熊本県,312,2012-04-05
JP-44,大分県,350,2012-04-05
JP-45,宮崎県,260,2012-04-05
JP-46,鹿児島県,281,2012-04-05
JP-47,沖縄県,970,2012-04-05
JP-01,北海道,3032,2012-05-10
JP-02,青森県,1391,2012-05-10
JP-03,岩手県,41124,2012-05-10
JP-04,宮城県,127459,2012-05-10
JP-05,秋田県,1442,2012-05-10
JP-06,山形県,13302,2012-05-10
JP-07,福島県,98021,2012-05-10
JP-08,茨城県,6095,2012-05-10
JP-09,栃木県,3022,2012-05-10
JP-10,群馬県,1971,2012-05-10
JP-11,埼玉県,4539,2012-05-10
JP-12,千葉県,3813,2012-05-10
JP-13,東京都,9493,2012-05-10
JP-14,神奈川県,2834,2012-05-10
JP-15,新潟県,6835,2012-05-10
JP-16,富山県,352,2012-05-10
JP-17,石川県,500,2012-05-10
JP-18,福井県,431,2012-05-10
JP-19,山梨県,856,2012-05-10
JP-20,長野県,1349,2012-05-10
JP-21,岐阜県,400,2012-05-10
JP-22,静岡県,1400,2012-05-10
JP-23,愛知県,1254,2012-05-10
JP-24,三重県,413,2012-05-10
JP-25,滋賀県,383,2012-05-10
JP-26,京都府,1059,2012-05-10
JP-27,大阪府,1305,2012-05-10
JP-28,兵庫県,1032,2012-05-10
JP-29,奈良県,167,2012-05-10
JP-30,和歌山県,130,2012-05-10
JP-31,鳥取県,201,2012-05-10
JP-32,島根県,142,2012-05-10
JP-33,岡山県,787,2012-05-10
JP-34,広島県,552,2012-05-10
JP-35,山口県,195,2012-05-10
JP-36,徳島県,100,2012-05-10
JP-37,香川県,115,2012-05-10
JP-38,愛媛県,210,2012-05-10
JP-39,高知県,143,2012-05-10
JP-40,福岡県,763,2012-05-10
JP-41,佐賀県,295,2012-05-10
JP-42,長崎県,166,2012-05-10
JP-43,熊本県,313,2012-05-10
JP-44,大分県,350,2012-05-10
JP-45,宮崎県,259,2012-05-10
JP-46,鹿児島県,265,2012-05-10
JP-47,沖縄県,975,2012-05-10
JP-01,北海道,3057,2012-06-07
JP-02,青森県,1324,2012-06-07
JP-03,岩手県,43096,2012-06-07
JP-04,宮城県,128197,2012-06-07
JP-05,秋田県,1408,2012-06-07
JP-06,山形県,13036,2012-06-07
JP-07,福島県,101320,2012-06-07
JP-08,茨城県,6185,2012-06-07
JP-09,栃木県,2976,2012-06-07
JP-10,群馬県,1918,2012-06-07
JP-11,埼玉県,4495,2012-06-07
JP-12,千葉県,3832,2012-06-07
JP-13,東京都,9453,2012-06-07
JP-14,神奈川県,2818,2012-06-07
JP-15,新潟県,6784,2012-06-07
JP-16,富山県,348,2012-06-07
JP-17,石川県,494,2012-06-07
JP-18,福井県,405,2012-06-07
JP-19,山梨県,859,2012-06-07
JP-20,長野県,1409,2012-06-07
JP-21,岐阜県,398,2012-06-07
JP-22,静岡県,1358,2012-06-07
JP-23,愛知県,1253,2012-06-07
JP-24,三重県,410,2012-06-07
JP-25,滋賀県,373,2012-06-07
JP-26,京都府,1052,2012-06-07
JP-27,大阪府,1509,2012-06-07
JP-28,兵庫県,1051,2012-06-07
JP-29,奈良県,166,2012-06-07
JP-30,和歌山県,123,2012-06-07
JP-31,鳥取県,202,2012-06-07
JP-32,島根県,142,2012-06-07
JP-33,岡山県,823,2012-06-07
JP-34,広島県,573,2012-06-07
JP-35,山口県,193,2012-06-07
JP-36,徳島県,95,2012-06-07
JP-37,香川県,111,2012-06-07
JP-38,愛媛県,204,2012-06-07
JP-39,高知県,144,2012-06-07
JP-40,福岡県,755,2012-06-07
JP-41,佐賀県,291,2012-06-07
JP-42,長崎県,159,2012-06-07
JP-43,熊本県,313,2012-06-07
JP-44,大分県,350,2012-06-07
JP-45,宮崎県,266,2012-06-07
JP-46,鹿児島県,271,2012-06-07
JP-47,沖縄県,988,2012-06-07
JP-01,北海道,2996,2012-07-05
JP-02,青森県,1297,2012-07-05
JP-03,岩手県,42774,2012-07-05
JP-04,宮城県,127628,2012-07-05
JP-05,秋田県,1373,2012-07-05
JP-06,山形県,12713,2012-07-05
JP-07,福島県,100096,2012-07-05
JP-08,茨城県,6207,2012-07-05
JP-09,栃木県,2981,2012-07-05
JP-10,群馬県,1929,2012-07-05
JP-11,埼玉県,4465,2012-07-05
JP-12,千葉県,3860,2012-07-05
JP-13,東京都,9447,2012-07-05
JP-14,神奈川県,3000,2012-07-05
JP-15,新潟県,6712,2012-07-05
JP-16,富山県,343,2012-07-05
JP-17,石川県,489,2012-07-05
JP-18,福井県,402,2012-07-05
JP-19,山梨県,855,2012-07-05
JP-20,長野県,1409,2012-07-05
JP-21,岐阜県,406,2012-07-05
JP-22,静岡県,1349,2012-07-05
JP-23,愛知県,1269,2012-07-05
JP-24,三重県,412,2012-07-05
JP-25,滋賀県,371,2012-07-05
JP-26,京都府,1025,2012-07-05
JP-27,大阪府,1275,2012-07-05
JP-28,兵庫県,1066,2012-07-05
JP-29,奈良県,166,2012-07-05
JP-30,和歌山県,126,2012-07-05
JP-31,鳥取県,201,2012-07-05
JP-32,島根県,142,2012-07-05
JP-33,岡山県,826,2012-07-05
JP-34,広島県,397,2012-07-05
JP-35,山口県,194,2012-07-05
JP-36,徳島県,88,2012-07-05
JP-37,香川県,111,2012-07-05
JP-38,愛媛県,211,2012-07-05
JP-39,高知県,145,2012-07-05
JP-40,福岡県,764,2012-07-05
JP-41,佐賀県,290,2012-07-05
JP-42,長崎県,156,2012-07-05
JP-43,熊本県,313,2012-07-05
JP-44,大分県,348,2012-07-05
JP-45,宮崎県,256,2012-07-05
JP-46,鹿児島県,278,2012-07-05
JP-47,沖縄県,1010,2012-07-05
JP-01,北海道,3002,2012-08-02
JP-02,青森県,1285,2012-08-02
JP-03,岩手県,42613,2012-08-02
JP-04,宮城県,127392,2012-08-02
JP-05,秋田県,1362,2012-08-02
JP-06,山形県,12097,2012-08-02
JP-07,福島県,100177,2012-08-02
JP-08,茨城県,6266,2012-08-02
JP-09,栃木県,2966,2012-08-02
JP-10,群馬県,1913,2012-08-02
JP-11,埼玉県,4399,2012-08-02
JP-12,千葉県,3874,2012-08-02
JP-13,東京都,9448,2012-08-02
JP-14,神奈川県,2978,2012-08-02
JP-15,新潟県,6663,2012-08-02
JP-16,富山県,335,2012-08-02
JP-17,石川県,495,2012-08-02
JP-18,福井県,410,2012-08-02
JP-19,山梨県,845,2012-08-02
JP-20,長野県,1392,2012-08-02
JP-21,岐阜県,409,2012-08-02
JP-22,静岡県,1346,2012-08-02
JP-23,愛知県,1248,2012-08-02
JP-24,三重県,500,2012-08-02
JP-25,滋賀県,367,2012-08-02
JP-26,京都府,1023,2012-08-02
JP-27,大阪府,1274,2012-08-02
JP-28,兵庫県,1073,2012-08-02
JP-29,奈良県,169,2012-08-02
JP-30,和歌山県,126,2012-08-02
JP-31,鳥取県,192,2012-08-02
JP-32,島根県,142,2012-08-02
JP-33,岡山県,834,2012-08-02
JP-34,広島県,570,2012-08-02
JP-35,山口県,186,2012-08-02
JP-36,徳島県,87,2012-08-02
JP-37,香川県,109,2012-08-02
JP-38,愛媛県,201,2012-08-02
JP-39,高知県,145,2012-08-02
JP-40,福岡県,766,2012-08-02
JP-41,佐賀県,287,2012-08-02
JP-42,長崎県,158,2012-08-02
JP-43,熊本県,341,2012-08-02
JP-44,大分県,348,2012-08-02
JP-45,宮崎県,253,2012-08-02
JP-46,鹿児島県,267,2012-08-02
JP-47,沖縄県,1001,2012-08-02
JP-01,北海道,3011,2012-09-06
JP-02,青森県,1268,2012-09-06
JP-03,岩手県,42263,2012-09-06
JP-04,宮城県,115856,2012-09-06
JP-05,秋田県,1346,2012-09-06
JP-06,山形県,11751,2012-09-06
JP-07,福島県,99521,2012-09-06
JP-08,茨城県,6240,2012-09-06
JP-09,栃木県,2953,2012-09-06
JP-10,群馬県,1885,2012-09-06
JP-11,埼玉県,4329,2012-09-06
JP-12,千葉県,3871,2012-09-06
JP-13,東京都,9397,2012-09-06
JP-14,神奈川県,2942,2012-09-06
JP-15,新潟県,6452,2012-09-06
JP-16,富山県,335,2012-09-06
JP-17,石川県,490,2012-09-06
JP-18,福井県,325,2012-09-06
JP-19,山梨県,822,2012-09-06
JP-20,長野県,1387,2012-09-06
JP-21,岐阜県,379,2012-09-06
JP-22,静岡県,1314,2012-09-06
JP-23,愛知県,1255,2012-09-06
JP-24,三重県,501,2012-09-06
JP-25,滋賀県,366,2012-09-06
JP-26,京都府,1026,2012-09-06
JP-27,大阪府,1238,2012-09-06
JP-28,兵庫県,1063,2012-09-06
JP-29,奈良県,191,2012-09-06
JP-30,和歌山県,128,2012-09-06
JP-31,鳥取県,195,2012-09-06
JP-32,島根県,142,2012-09-06
JP-33,岡山県,820,2012-09-06
JP-34,広島県,570,2012-09-06
JP-35,山口県,180,2012-09-06
JP-36,徳島県,88,2012-09-06
JP-37,香川県,104,2012-09-06
JP-38,愛媛県,201,2012-09-06
JP-39,高知県,146,2012-09-06
JP-40,福岡県,758,2012-09-06
JP-41,佐賀県,284,2012-09-06
JP-42,長崎県,155,2012-09-06
JP-43,熊本県,332,2012-09-06
JP-44,大分県,352,2012-09-06
JP-45,宮崎県,258,2012-09-06
JP-46,鹿児島県,269,2012-09-06
JP-47,沖縄県,1018,2012-09-06
JP-01,北海道,2995,2012-10-04
JP-02,青森県,1247,2012-10-04
JP-03,岩手県,41969,2012-10-04
JP-04,宮城県,114787,2012-10-04
JP-05,秋田県,1327,2012-10-04
JP-06,山形県,11406,2012-10-04
JP-07,福島県,99229,2012-10-04
JP-08,茨城県,5844,2012-10-04
JP-09,栃木県,2948,2012-10-04
JP-10,群馬県,1853,2012-10-04
JP-11,埼玉県,4261,2012-10-04
JP-12,千葉県,3894,2012-10-04
JP-13,東京都,9222,2012-10-04
JP-14,神奈川県,2904,2012-10-04
JP-15,新潟県,6366,2012-10-04
JP-16,富山県,335,2012-10-04
JP-17,石川県,480,2012-10-04
JP-18,福井県,323,2012-10-04
JP-19,山梨県,839,2012-10-04
JP-20,長野県,1396,2012-10-04
JP-21,岐阜県,347,2012-10-04
JP-22,静岡県,1313,2012-10-04
JP-23,愛知県,1243,2012-10-04
JP-24,三重県,501,2012-10-04
JP-25,滋賀県,362,2012-10-04
JP-26,京都府,1010,2012-10-04
JP-27,大阪府,1212,2012-10-04
JP-28,兵庫県,1054,2012-10-04
JP-29,奈良県,191,2012-10-04
JP-30,和歌山県,125,2012-10-04
JP-31,鳥取県,205,2012-10-04
JP-32,島根県,136,2012-10-04
JP-33,岡山県,838,2012-10-04
JP-34,広島県,568,2012-10-04
JP-35,山口県,170,2012-10-04
JP-36,徳島県,91,2012-10-04
JP-37,香川県,104,2012-10-04
JP-38,愛媛県,198,2012-10-04
JP-39,高知県,148,2012-10-04
JP-40,福岡県,768,2012-10-04
JP-41,佐賀県,279,2012-10-04
JP-42,長崎県,151,2012-10-04
JP-43,熊本県,331,2012-10-04
JP-44,大分県,359,2012-10-04
JP-45,宮崎県,252,2012-10-04
JP-46,鹿児島県,266,2012-10-04
JP-47,沖縄県,1026,2012-10-04
JP-01,北海道,2985,2012-11-01
JP-02,青森県,1241,2012-11-01
JP-03,岩手県,41695,2012-11-01
JP-04,宮城県,113717,2012-11-01
JP-05,秋田県,1311,2012-11-01
JP-06,山形県,11121,2012-11-01
JP-07,福島県,99139,2012-11-01
JP-08,茨城県,5859,2012-11-01
JP-09,栃木県,2940,2012-11-01
JP-10,群馬県,1850,2012-11-01
JP-11,埼玉県,4223,2012-11-01
JP-12,千葉県,3914,2012-11-01
JP-13,東京都,9227,2012-11-01
JP-14,神奈川県,2879,2012-11-01
JP-15,新潟県,6253,2012-11-01
JP-16,富山県,331,2012-11-01
JP-17,石川県,470,2012-11-01
JP-18,福井県,328,2012-11-01
JP-19,山梨県,838,2012-11-01
JP-20,長野県,1386,2012-11-01
JP-21,岐阜県,344,2012-11-01
JP-22,静岡県,1253,2012-11-01
JP-23,愛知県,1242,2012-11-01
JP-24,三重県,509,2012-11-01
JP-25,滋賀県,361,2012-11-01
JP-26,京都府,1002,2012-11-01
JP-27,大阪府,1193,2012-11-01
JP-28,兵庫県,1055,2012-11-01
JP-29,奈良県,187,2012-11-01
JP-30,和歌山県,126,2012-11-01
JP-31,鳥取県,205,2012-11-01
JP-32,島根県,136,2012-11-01
JP-33,岡山県,846,2012-11-01
JP-34,広島県,573,2012-11-01
JP-35,山口県,168,2012-11-01
JP-36,徳島県,91,2012-11-01
JP-37,香川県,102,2012-11-01
JP-38,愛媛県,198,2012-11-01
JP-39,高知県,148,2012-11-01
JP-40,福岡県,756,2012-11-01
JP-41,佐賀県,279,2012-11-01
JP-42,長崎県,151,2012-11-01
JP-43,熊本県,320,2012-11-01
JP-44,大分県,358,2012-11-01
JP-45,宮崎県,248,2012-11-01
JP-46,鹿児島県,272,2012-11-01
JP-47,沖縄県,1028,2012-11-01
JP-01,北海道,2981,2012-12-06
JP-02,青森県,1198,2012-12-06
JP-03,岩手県,41626,2012-12-06
JP-04,宮城県,112008,2012-12-06
JP-05,秋田県,1307,2012-12-06
JP-06,山形県,10693,2012-12-06
JP-07,福島県,98235,2012-12-06
JP-08,茨城県,5889,2012-12-06
JP-09,栃木県,2904,2012-12-06
JP-10,群馬県,1828,2012-12-06
JP-11,埼玉県,4163,2012-12-06
JP-12,千葉県,3936,2012-12-06
JP-13,東京都,9177,2012-12-06
JP-14,神奈川県,2791,2012-12-06
JP-15,新潟県,6199,2012-12-06
JP-16,富山県,331,2012-12-06
JP-17,石川県,471,2012-12-06
JP-18,福井県,332,2012-12-06
JP-19,山梨県,829,2012-12-06
JP-20,長野県,1327,2012-12-06
JP-21,岐阜県,338,2012-12-06
JP-22,静岡県,1242,2012-12-06
JP-23,愛知県,1246,2012-12-06
JP-24,三重県,512,2012-12-06
JP-25,滋賀県,357,2012-12-06
JP-26,京都府,1010,2012-12-06
JP-27,大阪府,1181,2012-12-06
JP-28,兵庫県,1032,2012-12-06
JP-29,奈良県,183,2012-12-06
JP-30,和歌山県,120,2012-12-06
JP-31,鳥取県,205,2012-12-06
JP-32,島根県,132,2012-12-06
JP-33,岡山県,881,2012-12-06
JP-34,広島県,580,2012-12-06
JP-35,山口県,169,2012-12-06
JP-36,徳島県,91,2012-12-06
JP-37,香川県,102,2012-12-06
JP-38,愛媛県,195,2012-12-06
JP-39,高知県,148,2012-12-06
JP-40,福岡県,761,2012-12-06
JP-41,佐賀県,278,2012-12-06
JP-42,長崎県,151,2012-12-06
JP-43,熊本県,383,2012-12-06
JP-44,大分県,348,2012-12-06
JP-45,宮崎県,260,2012-12-06
JP-46,鹿児島県,270,2012-12-06
JP-47,沖縄県,1033,2012-12-06
JP-01,北海道,2966,2013-01-17
JP-02,青森県,1164,2013-01-17
JP-03,岩手県,40724,2013-01-17
JP-04,宮城県,110060,2013-01-17
JP-05,秋田県,1280,2013-01-17
JP-06,山形県,10187,2013-01-17
JP-07,福島県,97271,2013-01-17
JP-08,茨城県,5406,2013-01-17
JP-09,栃木県,3108,2013-01-17
JP-10,群馬県,1818,2013-01-17
JP-11,埼玉県,4088,2013-01-17
JP-12,千葉県,3951,2013-01-17
JP-13,東京都,9095,2013-01-17
JP-14,神奈川県,2772,2013-01-17
JP-15,新潟県,6006,2013-01-17
JP-16,富山県,325,2013-01-17
JP-17,石川県,469,2013-01-17
JP-18,福井県,328,2013-01-17
JP-19,山梨県,829,2013-01-17
JP-20,長野県,1289,2013-01-17
JP-21,岐阜県,339,2013-01-17
JP-22,静岡県,1227,2013-01-17
JP-23,愛知県,1245,2013-01-17
JP-24,三重県,511,2013-01-17
JP-25,滋賀県,351,2013-01-17
JP-26,京都府,1012,2013-01-17
JP-27,大阪府,1179,2013-01-17
JP-28,兵庫県,1038,2013-01-17
JP-29,奈良県,187,2013-01-17
JP-30,和歌山県,120,2013-01-17
JP-31,鳥取県,203,2013-01-17
JP-32,島根県,133,2013-01-17
JP-33,岡山県,896,2013-01-17
JP-34,広島県,579,2013-01-17
JP-35,山口県,165,2013-01-17
JP-36,徳島県,86,2013-01-17
JP-37,香川県,103,2013-01-17
JP-38,愛媛県,202,2013-01-17
JP-39,高知県,141,2013-01-17
JP-40,福岡県,755,2013-01-17
JP-41,佐賀県,273,2013-01-17
JP-42,長崎県,152,2013-01-17
JP-43,熊本県,385,2013-01-17
JP-44,大分県,348,2013-01-17
JP-45,宮崎県,261,2013-01-17
JP-46,鹿児島県,270,2013-01-17
JP-47,沖縄県,1056,2013-01-17
JP-01,北海道,2939,2013-02-07
JP-02,青森県,1159,2013-02-07
JP-03,岩手県,40608,2013-02-07
JP-04,宮城県,109637,2013-02-07
JP-05,秋田県,1282,2013-02-07
JP-06,山形県,10084,2013-02-07
JP-07,福島県,97022,2013-02-07
JP-08,茨城県,5375,2013-02-07
JP-09,栃木県,3109,2013-02-07
JP-10,群馬県,1803,2013-02-07
JP-11,埼玉県,4037,2013-02-07
JP-12,千葉県,3954,2013-02-07
JP-13,東京都,9078,2013-02-07
JP-14,神奈川県,2758,2013-02-07
JP-15,新潟県,5952,2013-02-07
JP-16,富山県,325,2013-02-07
JP-17,石川県,471,2013-02-07
JP-18,福井県,325,2013-02-07
JP-19,山梨県,826,2013-02-07
JP-20,長野県,1290,2013-02-07
JP-21,岐阜県,339,2013-02-07
JP-22,静岡県,1204,2013-02-07
JP-23,愛知県,1231,2013-02-07
JP-24,三重県,500,2013-02-07
JP-25,滋賀県,351,2013-02-07
JP-26,京都府,1014,2013-02-07
JP-27,大阪府,1176,2013-02-07
JP-28,兵庫県,1037,2013-02-07
JP-29,奈良県,187,2013-02-07
JP-30,和歌山県,120,2013-02-07
JP-31,鳥取県,203,2013-02-07
JP-32,島根県,133,2013-02-07
JP-33,岡山県,905,2013-02-07
JP-34,広島県,578,2013-02-07
JP-35,山口県,163,2013-02-07
JP-36,徳島県,88,2013-02-07
JP-37,香川県,100,2013-02-07
JP-38,愛媛県,202,2013-02-07
JP-39,高知県,140,2013-02-07
JP-40,福岡県,747,2013-02-07
JP-41,佐賀県,271,2013-02-07
JP-42,長崎県,152,2013-02-07
JP-43,熊本県,385,2013-02-07
JP-44,大分県,342,2013-02-07
JP-45,宮崎県,262,2013-02-07
JP-46,鹿児島県,270,2013-02-07
JP-47,沖縄県,1062,2013-02-07
JP-01,北海道,2947,2013-03-07
JP-02,青森県,1149,2013-03-07
JP-03,岩手県,40304,2013-03-07
JP-04,宮城県,108357,2013-03-07
JP-05,秋田県,1281,2013-03-07
JP-06,山形県,9982,2013-03-07
JP-07,福島県,97072,2013-03-07
JP-08,茨城県,5403,2013-03-07
JP-09,栃木県,3101,2013-03-07
JP-10,群馬県,1770,2013-03-07
JP-11,埼玉県,3989,2013-03-07
JP-12,千葉県,3993,2013-03-07
JP-13,東京都,9037,2013-03-07
JP-14,神奈川県,2719,2013-03-07
JP-15,新潟県,5905,2013-03-07
JP-16,富山県,306,2013-03-07
JP-17,石川県,474,2013-03-07
JP-18,福井県,325,2013-03-07
JP-19,山梨県,826,2013-03-07
JP-20,長野県,1283,2013-03-07
JP-21,岐阜県,340,2013-03-07
JP-22,静岡県,1158,2013-03-07
JP-23,愛知県,1242,2013-03-07
JP-24,三重県,508,2013-03-07
JP-25,滋賀県,347,2013-03-07
JP-26,京都府,1008,2013-03-07
JP-27,大阪府,1176,2013-03-07
JP-28,兵庫県,1036,2013-03-07
JP-29,奈良県,186,2013-03-07
JP-30,和歌山県,115,2013-03-07
JP-31,鳥取県,205,2013-03-07
JP-32,島根県,133,2013-03-07
JP-33,岡山県,920,2013-03-07
JP-34,広島県,576,2013-03-07
JP-35,山口県,163,2013-03-07
JP-36,徳島県,88,2013-03-07
JP-37,香川県,100,2013-03-07
JP-38,愛媛県,202,2013-03-07
JP-39,高知県,126,2013-03-07
JP-40,福岡県,745,2013-03-07
JP-41,佐賀県,271,2013-03-07
JP-42,長崎県,150,2013-03-07
JP-43,熊本県,394,2013-03-07
JP-44,大分県,329,2013-03-07
JP-45,宮崎県,262,2013-03-07
JP-46,鹿児島県,273,2013-03-07
JP-47,沖縄県,1053,2013-03-07
JP-01,北海道,2897,2013-04-04
JP-02,青森県,1000,2013-04-04
JP-03,岩手県,40012,2013-04-04
JP-04,宮城県,106609,2013-04-04
JP-05,秋田県,1245,2013-04-04
JP-06,山形県,9541,2013-04-04
JP-07,福島県,96264,2013-04-04
JP-08,茨城県,5383,2013-04-04
JP-09,栃木県,3093,2013-04-04
JP-10,群馬県,1741,2013-04-04
JP-11,埼玉県,3798,2013-04-04
JP-12,千葉県,3988,2013-04-04
JP-13,東京都,9005,2013-04-04
JP-14,神奈川県,2681,2013-04-04
JP-15,新潟県,5759,2013-04-04
JP-16,富山県,301,2013-04-04
JP-17,石川県,468,2013-04-04
JP-18,福井県,298,2013-04-04
JP-19,山梨県,796,2013-04-04
JP-20,長野県,1249,2013-04-04
JP-21,岐阜県,339,2013-04-04
JP-22,静岡県,1132,2013-04-04
JP-23,愛知県,1245,2013-04-04
JP-24,三重県,492,2013-04-04
JP-25,滋賀県,351,2013-04-04
JP-26,京都府,995,2013-04-04
JP-27,大阪府,1179,2013-04-04
JP-28,兵庫県,1020,2013-04-04
JP-29,奈良県,173,2013-04-04
JP-30,和歌山県,106,2013-04-04
JP-31,鳥取県,201,2013-04-04
JP-32,島根県,130,2013-04-04
JP-33,岡山県,947,2013-04-04
JP-34,広島県,561,2013-04-04
JP-35,山口県,160,2013-04-04
JP-36,徳島県,85,2013-04-04
JP-37,香川県,99,2013-04-04
JP-38,愛媛県,197,2013-04-04
JP-39,高知県,126,2013-04-04
JP-40,福岡県,749,2013-04-04
JP-41,佐賀県,258,2013-04-04
JP-42,長崎県,144,2013-04-04
JP-43,熊本県,400,2013-04-04
JP-44,大分県,312,2013-04-04
JP-45,宮崎県,262,2013-04-04
JP-46,鹿児島県,254,2013-04-04
JP-47,沖縄県,1012,2013-04-04
JP-01,北海道,2861,2013-05-09
JP-02,青森県,951,2013-05-09
JP-03,岩手県,39382,2013-05-09
JP-04,宮城県,104438,2013-05-09
JP-05,秋田県,1224,2013-05-09
JP-06,山形県,9310,2013-05-09
JP-07,福島県,94876,2013-05-09
JP-08,茨城県,5348,2013-05-09
JP-09,栃木県,3067,2013-05-09
JP-10,群馬県,1697,2013-05-09
JP-11,埼玉県,3641,2013-05-09
JP-12,千葉県,4015,2013-05-09
JP-13,東京都,8960,2013-05-09
JP-14,神奈川県,2626,2013-05-09
JP-15,新潟県,5324,2013-05-09
JP-16,富山県,296,2013-05-09
JP-17,石川県,449,2013-05-09
JP-18,福井県,298,2013-05-09
JP-19,山梨県,793,2013-05-09
JP-20,長野県,1243,2013-05-09
JP-21,岐阜県,318,2013-05-09
JP-22,静岡県,1115,2013-05-09
JP-23,愛知県,1248,2013-05-09
JP-24,三重県,502,2013-05-09
JP-25,滋賀県,350,2013-05-09
JP-26,京都府,990,2013-05-09
JP-27,大阪府,1151,2013-05-09
JP-28,兵庫県,1002,2013-05-09
JP-29,奈良県,173,2013-05-09
JP-30,和歌山県,103,2013-05-09
JP-31,鳥取県,196,2013-05-09
JP-32,島根県,131,2013-05-09
JP-33,岡山県,948,2013-05-09
JP-34,広島県,555,2013-05-09
JP-35,山口県,158,2013-05-09
JP-36,徳島県,85,2013-05-09
JP-37,香川県,97,2013-05-09
JP-38,愛媛県,191,2013-05-09
JP-39,高知県,130,2013-05-09
JP-40,福岡県,731,2013-05-09
JP-41,佐賀県,248,2013-05-09
JP-42,長崎県,144,2013-05-09
JP-43,熊本県,397,2013-05-09
JP-44,大分県,291,2013-05-09
JP-45,宮崎県,267,2013-05-09
JP-46,鹿児島県,245,2013-05-09
JP-47,沖縄県,1006,2013-05-09
JP-01,北海道,2839,2013-06-06
JP-02,青森県,919,2013-06-06
JP-03,岩手県,38780,2013-06-06
JP-04,宮城県,101328,2013-06-06
JP-05,秋田県,1179,2013-06-06
JP-06,山形県,9083,2013-06-06
JP-07,福島県,93915,2013-06-06
JP-08,茨城県,5325,2013-06-06
JP-09,栃木県,3073,2013-06-06
JP-10,群馬県,1663,2013-06-06
JP-11,埼玉県,3497,2013-06-06
JP-12,千葉県,4020,2013-06-06
JP-13,東京都,8875,2013-06-06
JP-14,神奈川県,2576,2013-06-06
JP-15,新潟県,5223,2013-06-06
JP-16,富山県,296,2013-06-06
JP-17,石川県,445,2013-06-06
JP-18,福井県,278,2013-06-06
JP-19,山梨県,800,2013-06-06
JP-20,長野県,1233,2013-06-06
JP-21,岐阜県,319,2013-06-06
JP-22,静岡県,1092,2013-06-06
JP-23,愛知県,1236,2013-06-06
JP-24,三重県,496,2013-06-06
JP-25,滋賀県,337,2013-06-06
JP-26,京都府,980,2013-06-06
JP-27,大阪府,1132,2013-06-06
JP-28,兵庫県,992,2013-06-06
JP-29,奈良県,173,2013-06-06
JP-30,和歌山県,103,2013-06-06
JP-31,鳥取県,190,2013-06-06
JP-32,島根県,131,2013-06-06
JP-33,岡山県,992,2013-06-06
JP-34,広島県,550,2013-06-06
JP-35,山口県,158,2013-06-06
JP-36,徳島県,75,2013-06-06
JP-37,香川県,97,2013-06-06
JP-38,愛媛県,191,2013-06-06
JP-39,高知県,130,2013-06-06
JP-40,福岡県,726,2013-06-06
JP-41,佐賀県,242,2013-06-06
JP-42,長崎県,138,2013-06-06
JP-43,熊本県,397,2013-06-06
JP-44,大分県,294,2013-06-06
JP-45,宮崎県,268,2013-06-06
JP-46,鹿児島県,245,2013-06-06
JP-47,沖縄県,1002,2013-06-06
JP-01,北海道,2817,2013-07-04
JP-02,青森県,871,2013-07-04
JP-03,岩手県,38246,2013-07-04
JP-04,宮城県,99554,2013-07-04
JP-05,秋田県,1164,2013-07-04
JP-06,山形県,8669,2013-07-04
JP-07,福島県,92770,2013-07-04
JP-08,茨城県,5269,2013-07-04
JP-09,栃木県,3092,2013-07-04
JP-10,群馬県,1633,2013-07-04
JP-11,埼玉県,3403,2013-07-04
JP-12,千葉県,4030,2013-07-04
JP-13,東京都,8851,2013-07-04
JP-14,神奈川県,2561,2013-07-04
JP-15,新潟県,5164,2013-07-04
JP-16,富山県,296,2013-07-04
JP-17,石川県,441,2013-07-04
JP-18,福井県,278,2013-07-04
JP-19,山梨県,800,2013-07-04
JP-20,長野県,1221,2013-07-04
JP-21,岐阜県,315,2013-07-04
JP-22,静岡県,1087,2013-07-04
JP-23,愛知県,1240,2013-07-04
JP-24,三重県,496,2013-07-04
JP-25,滋賀県,330,2013-07-04
JP-26,京都府,982,2013-07-04
JP-27,大阪府,1124,2013-07-04
JP-28,兵庫県,974,2013-07-04
JP-29,奈良県,173,2013-07-04
JP-30,和歌山県,103,2013-07-04
JP-31,鳥取県,194,2013-07-04
JP-32,島根県,131,2013-07-04
JP-33,岡山県,1016,2013-07-04
JP-34,広島県,533,2013-07-04
JP-35,山口県,157,2013-07-04
JP-36,徳島県,73,2013-07-04
JP-37,香川県,97,2013-07-04
JP-38,愛媛県,191,2013-07-04
JP-39,高知県,127,2013-07-04
JP-40,福岡県,727,2013-07-04
JP-41,佐賀県,236,2013-07-04
JP-42,長崎県,148,2013-07-04
JP-43,熊本県,401,2013-07-04
JP-44,大分県,290,2013-07-04
JP-45,宮崎県,268,2013-07-04
JP-46,鹿児島県,245,2013-07-04
JP-47,沖縄県,994,2013-07-04
JP-01,北海道,2813,2013-08-12
JP-02,青森県,858,2013-08-12
JP-03,岩手県,37852,2013-08-12
JP-04,宮城県,97715,2013-08-12
JP-05,秋田県,1151,2013-08-12
JP-06,山形県,7974,2013-08-12
JP-07,福島県,91998,2013-08-12
JP-08,茨城県,5223,2013-08-12
JP-09,栃木県,3082,2013-08-12
JP-10,群馬県,1606,2013-08-12
JP-11,埼玉県,3342,2013-08-12
JP-12,千葉県,4026,2013-08-12
JP-13,東京都,8828,2013-08-12
JP-14,神奈川県,2515,2013-08-12
JP-15,新潟県,5080,2013-08-12
JP-16,富山県,290,2013-08-12
JP-17,石川県,435,2013-08-12
JP-18,福井県,277,2013-08-12
JP-19,山梨県,795,2013-08-12
JP-20,長野県,1210,2013-08-12
JP-21,岐阜県,315,2013-08-12
JP-22,静岡県,1086,2013-08-12
JP-23,愛知県,1239,2013-08-12
JP-24,三重県,500,2013-08-12
JP-25,滋賀県,322,2013-08-12
JP-26,京都府,954,2013-08-12
JP-27,大阪府,1123,2013-08-12
JP-28,兵庫県,972,2013-08-12
JP-29,奈良県,174,2013-08-12
JP-30,和歌山県,101,2013-08-12
JP-31,鳥取県,183,2013-08-12
JP-32,島根県,127,2013-08-12
JP-33,岡山県,998,2013-08-12
JP-34,広島県,523,2013-08-12
JP-35,山口県,158,2013-08-12
JP-36,徳島県,76,2013-08-12
JP-37,香川県,98,2013-08-12
JP-38,愛媛県,189,2013-08-12
JP-39,高知県,124,2013-08-12
JP-40,福岡県,726,2013-08-12
JP-41,佐賀県,227,2013-08-12
JP-42,長崎県,144,2013-08-12
JP-43,熊本県,401,2013-08-12
JP-44,大分県,272,2013-08-12
JP-45,宮崎県,272,2013-08-12
JP-46,鹿児島県,244,2013-08-12
JP-47,沖縄県,993,2013-08-12
JP-01,北海道,2798,2013-09-12
JP-02,青森県,825,2013-09-12
JP-03,岩手県,37370,2013-09-12
JP-04,宮城県,96330,2013-09-12
JP-05,秋田県,1138,2013-09-12
JP-06,山形県,7325,2013-09-12
JP-07,福島県,91392,2013-09-12
JP-08,茨城県,5123,2013-09-12
JP-09,栃木県,3080,2013-09-12
JP-10,群馬県,1603,2013-09-12
JP-11,埼玉県,3222,2013-09-12
JP-12,千葉県,4031,2013-09-12
JP-13,東京都,8797,2013-09-12
JP-14,神奈川県,2502,2013-09-12
JP-15,新潟県,5022,2013-09-12
JP-16,富山県,288,2013-09-12
JP-17,石川県,414,2013-09-12
JP-18,福井県,277,2013-09-12
JP-19,山梨県,799,2013-09-12
JP-20,長野県,1206,2013-09-12
JP-21,岐阜県,313,2013-09-12
JP-22,静岡県,1084,2013-09-12
JP-23,愛知県,1230,2013-09-12
JP-24,三重県,497,2013-09-12
JP-25,滋賀県,317,2013-09-12
JP-26,京都府,959,2013-09-12
JP-27,大阪府,1123,2013-09-12
JP-28,兵庫県,957,2013-09-12
JP-29,奈良県,170,2013-09-12
JP-30,和歌山県,101,2013-09-12
JP-31,鳥取県,183,2013-09-12
JP-32,島根県,127,2013-09-12
JP-33,岡山県,1011,2013-09-12
JP-34,広島県,511,2013-09-12
JP-35,山口県,148,2013-09-12
JP-36,徳島県,73,2013-09-12
JP-37,香川県,98,2013-09-12
JP-38,愛媛県,185,2013-09-12
JP-39,高知県,124,2013-09-12
JP-40,福岡県,725,2013-09-12
JP-41,佐賀県,220,2013-09-12
JP-42,長崎県,144,2013-09-12
JP-43,熊本県,398,2013-09-12
JP-44,大分県,267,2013-09-12
JP-45,宮崎県,271,2013-09-12
JP-46,鹿児島県,239,2013-09-12
JP-47,沖縄県,989,2013-09-12
JP-01,北海道,2787,2013-10-10
JP-02,青森県,814,2013-10-10
JP-03,岩手県,36825,2013-10-10
JP-04,宮城県,95163,2013-10-10
JP-05,秋田県,1137,2013-10-10
JP-06,山形県,7033,2013-10-10
JP-07,福島県,89924,2013-10-10
JP-08,茨城県,5047,2013-10-10
JP-09,栃木県,3050,2013-10-10
JP-10,群馬県,1590,2013-10-10
JP-11,埼玉県,3178,2013-10-10
JP-12,千葉県,4043,2013-10-10
JP-13,東京都,8731,2013-10-10
JP-14,神奈川県,2487,2013-10-10
JP-15,新潟県,4966,2013-10-10
JP-16,富山県,288,2013-10-10
JP-17,石川県,411,2013-10-10
JP-18,福井県,275,2013-10-10
JP-19,山梨県,799,2013-10-10
JP-20,長野県,1198,2013-10-10
JP-21,岐阜県,313,2013-10-10
JP-22,静岡県,1104,2013-10-10
JP-23,愛知県,1233,2013-10-10
JP-24,三重県,488,2013-10-10
JP-25,滋賀県,317,2013-10-10
JP-26,京都府,965,2013-10-10
JP-27,大阪府,1007,2013-10-10
JP-28,兵庫県,951,2013-10-10
JP-29,奈良県,169,2013-10-10
JP-30,和歌山県,101,2013-10-10
JP-31,鳥取県,185,2013-10-10
JP-32,島根県,126,2013-10-10
JP-33,岡山県,1014,2013-10-10
JP-34,広島県,511,2013-10-10
JP-35,山口県,155,2013-10-10
JP-36,徳島県,74,2013-10-10
JP-37,香川県,97,2013-10-10
JP-38,愛媛県,185,2013-10-10
JP-39,高知県,124,2013-10-10
JP-40,福岡県,725,2013-10-10
JP-41,佐賀県,216,2013-10-10
JP-42,長崎県,144,2013-10-10
JP-43,熊本県,398,2013-10-10
JP-44,大分県,267,2013-10-10
JP-45,宮崎県,262,2013-10-10
JP-46,鹿児島県,236,2013-10-10
JP-47,沖縄県,998,2013-10-10
JP-01,北海道,2774,2013-11-14
JP-02,青森県,807,2013-11-14
JP-03,岩手県,36348,2013-11-14
JP-04,宮城県,93675,2013-11-14
JP-05,秋田県,1117,2013-11-14
JP-06,山形県,6518,2013-11-14
JP-07,福島県,88654,2013-11-14
JP-08,茨城県,5008,2013-11-14
JP-09,栃木県,3040,2013-11-14
JP-10,群馬県,1586,2013-11-14
JP-11,埼玉県,3092,2013-11-14
JP-12,千葉県,4026,2013-11-14
JP-13,東京都,8355,2013-11-14
JP-14,神奈川県,2450,2013-11-14
JP-15,新潟県,4898,2013-11-14
JP-16,富山県,287,2013-11-14
JP-17,石川県,411,2013-11-14
JP-18,福井県,272,2013-11-14
JP-19,山梨県,796,2013-11-14
JP-20,長野県,1187,2013-11-14
JP-21,岐阜県,307,2013-11-14
JP-22,静岡県,1099,2013-11-14
JP-23,愛知県,1229,2013-11-14
JP-24,三重県,488,2013-11-14
JP-25,滋賀県,314,2013-11-14
JP-26,京都府,966,2013-11-14
JP-27,大阪府,1006,2013-11-14
JP-28,兵庫県,949,2013-11-14
JP-29,奈良県,168,2013-11-14
JP-30,和歌山県,101,2013-11-14
JP-31,鳥取県,184,2013-11-14
JP-32,島根県,126,2013-11-14
JP-33,岡山県,1013,2013-11-14
JP-34,広島県,507,2013-11-14
JP-35,山口県,152,2013-11-14
JP-36,徳島県,74,2013-11-14
JP-37,香川県,99,2013-11-14
JP-38,愛媛県,185,2013-11-14
JP-39,高知県,124,2013-11-14
JP-40,福岡県,718,2013-11-14
JP-41,佐賀県,216,2013-11-14
JP-42,長崎県,145,2013-11-14
JP-43,熊本県,398,2013-11-14
JP-44,大分県,261,2013-11-14
JP-45,宮崎県,262,2013-11-14
JP-46,鹿児島県,232,2013-11-14
JP-47,沖縄県,985,2013-11-14
JP-01,北海道,2728,2013-12-12
JP-02,青森県,798,2013-12-12
JP-03,岩手県,35925,2013-12-12
JP-04,宮城県,92290,2013-12-12
JP-05,秋田県,1113,2013-12-12
JP-06,山形県,6356,2013-12-12
JP-07,福島県,87712,2013-12-12
JP-08,茨城県,5003,2013-12-12
JP-09,栃木県,3042,2013-12-12
JP-10,群馬県,1577,2013-12-12
JP-11,埼玉県,3054,2013-12-12
JP-12,千葉県,3976,2013-12-12
JP-13,東京都,8048,2013-12-12
JP-14,神奈川県,2425,2013-12-12
JP-15,新潟県,4863,2013-12-12
JP-16,富山県,287,2013-12-12
JP-17,石川県,406,2013-12-12
JP-18,福井県,270,2013-12-12
JP-19,山梨県,795,2013-12-12
JP-20,長野県,1183,2013-12-12
JP-21,岐阜県,310,2013-12-12
JP-22,静岡県,1088,2013-12-12
JP-23,愛知県,1208,2013-12-12
JP-24,三重県,488,2013-12-12
JP-25,滋賀県,315,2013-12-12
JP-26,京都府,958,2013-12-12
JP-27,大阪府,999,2013-12-12
JP-28,兵庫県,941,2013-12-12
JP-29,奈良県,168,2013-12-12
JP-30,和歌山県,101,2013-12-12
JP-31,鳥取県,185,2013-12-12
JP-32,島根県,129,2013-12-12
JP-33,岡山県,1027,2013-12-12
JP-34,広島県,494,2013-12-12
JP-35,山口県,148,2013-12-12
JP-36,徳島県,73,2013-12-12
JP-37,香川県,98,2013-12-12
JP-38,愛媛県,185,2013-12-12
JP-39,高知県,124,2013-12-12
JP-40,福岡県,718,2013-12-12
JP-41,佐賀県,213,2013-12-12
JP-42,長崎県,144,2013-12-12
JP-43,熊本県,398,2013-12-12
JP-44,大分県,254,2013-12-12
JP-45,宮崎県,260,2013-12-12
JP-46,鹿児島県,231,2013-12-12
JP-47,沖縄県,980,2013-12-12
JP-01,北海道,2725,2014-01-16
JP-02,青森県,791,2014-01-16
JP-03,岩手県,35238,2014-01-16
JP-04,宮城県,91002,2014-01-16
JP-05,秋田県,1092,2014-01-16
JP-06,山形県,6177,2014-01-16
JP-07,福島県,86578,2014-01-16
JP-08,茨城県,4970,2014-01-16
JP-09,栃木県,3031,2014-01-16
JP-10,群馬県,1564,2014-01-16
JP-11,埼玉県,2971,2014-01-16
JP-12,千葉県,3963,2014-01-16
JP-13,東京都,8033,2014-01-16
JP-14,神奈川県,2390,2014-01-16
JP-15,新潟県,4814,2014-01-16
JP-16,富山県,284,2014-01-16
JP-17,石川県,403,2014-01-16
JP-18,福井県,270,2014-01-16
JP-19,山梨県,755,2014-01-16
JP-20,長野県,1177,2014-01-16
JP-21,岐阜県,314,2014-01-16
JP-22,静岡県,1086,2014-01-16
JP-23,愛知県,1202,2014-01-16
JP-24,三重県,490,2014-01-16
JP-25,滋賀県,305,2014-01-16
JP-26,京都府,924,2014-01-16
JP-27,大阪府,966,2014-01-16
JP-28,兵庫県,932,2014-01-16
JP-29,奈良県,168,2014-01-16
JP-30,和歌山県,101,2014-01-16
JP-31,鳥取県,181,2014-01-16
JP-32,島根県,126,2014-01-16
JP-33,岡山県,1032,2014-01-16
JP-34,広島県,471,2014-01-16
JP-35,山口県,148,2014-01-16
JP-36,徳島県,73,2014-01-16
JP-37,香川県,98,2014-01-16
JP-38,愛媛県,185,2014-01-16
JP-39,高知県,106,2014-01-16
JP-40,福岡県,703,2014-01-16
JP-41,佐賀県,213,2014-01-16
JP-42,長崎県,144,2014-01-16
JP-43,熊本県,398,2014-01-16
JP-44,大分県,254,2014-01-16
JP-45,宮崎県,255,2014-01-16
JP-46,鹿児島県,230,2014-01-16
JP-47,沖縄県,973,2014-01-16
JP-01,北海道,2719,2014-02-13
JP-02,青森県,785,2014-02-13
JP-03,岩手県,34847,2014-02-13
JP-04,宮城県,89882,2014-02-13
JP-05,秋田県,1088,2014-02-13
JP-06,山形県,6067,2014-02-13
JP-07,福島県,85589,2014-02-13
JP-08,茨城県,4919,2014-02-13
JP-09,栃木県,3029,2014-02-13
JP-10,群馬県,1536,2014-02-13
JP-11,埼玉県,2925,2014-02-13
JP-12,千葉県,3962,2014-02-13
JP-13,東京都,8030,2014-02-13
JP-14,神奈川県,2362,2014-02-13
JP-15,新潟県,4757,2014-02-13
JP-16,富山県,284,2014-02-13
JP-17,石川県,399,2014-02-13
JP-18,福井県,270,2014-02-13
JP-19,山梨県,748,2014-02-13
JP-20,長野県,1168,2014-02-13
JP-21,岐阜県,312,2014-02-13
JP-22,静岡県,1084,2014-02-13
JP-23,愛知県,1207,2014-02-13
JP-24,三重県,490,2014-02-13
JP-25,滋賀県,304,2014-02-13
JP-26,京都府,924,2014-02-13
JP-27,大阪府,955,2014-02-13
JP-28,兵庫県,922,2014-02-13
JP-29,奈良県,168,2014-02-13
JP-30,和歌山県,101,2014-02-13
JP-31,鳥取県,182,2014-02-13
JP-32,島根県,120,2014-02-13
JP-33,岡山県,1046,2014-02-13
JP-34,広島県,467,2014-02-13
JP-35,山口県,148,2014-02-13
JP-36,徳島県,73,2014-02-13
JP-37,香川県,94,2014-02-13
JP-38,愛媛県,184,2014-02-13
JP-39,高知県,106,2014-02-13
JP-40,福岡県,701,2014-02-13
JP-41,佐賀県,209,2014-02-13
JP-42,長崎県,143,2014-02-13
JP-43,熊本県,396,2014-02-13
JP-44,大分県,254,2014-02-13
JP-45,宮崎県,256,2014-02-13
JP-46,鹿児島県,234,2014-02-13
JP-47,沖縄県,973,2014-02-13
JP-01,北海道,2695,2014-03-13
JP-02,青森県,763,2014-03-13
JP-03,岩手県,34494,2014-03-13
JP-04,宮城県,88575,2014-03-13
JP-05,秋田県,1084,2014-03-13
JP-06,山形県,5982,2014-03-13
JP-07,福島県,84221,2014-03-13
JP-08,茨城県,4878,2014-03-13
JP-09,栃木県,3024,2014-03-13
JP-10,群馬県,1529,2014-03-13
JP-11,埼玉県,2888,2014-03-13
JP-12,千葉県,3965,2014-03-13
JP-13,東京都,7933,2014-03-13
JP-14,神奈川県,2352,2014-03-13
JP-15,新潟県,4726,2014-03-13
JP-16,富山県,284,2014-03-13
JP-17,石川県,389,2014-03-13
JP-18,福井県,262,2014-03-13
JP-19,山梨県,725,2014-03-13
JP-20,長野県,1168,2014-03-13
JP-21,岐阜県,317,2014-03-13
JP-22,静岡県,1087,2014-03-13
JP-23,愛知県,1209,2014-03-13
JP-24,三重県,489,2014-03-13
JP-25,滋賀県,299,2014-03-13
JP-26,京都府,928,2014-03-13
JP-27,大阪府,939,2014-03-13
JP-28,兵庫県,916,2014-03-13
JP-29,奈良県,166,2014-03-13
JP-30,和歌山県,100,2014-03-13
JP-31,鳥取県,183,2014-03-13
JP-32,島根県,120,2014-03-13
JP-33,岡山県,1060,2014-03-13
JP-34,広島県,467,2014-03-13
JP-35,山口県,148,2014-03-13
JP-36,徳島県,73,2014-03-13
JP-37,香川県,94,2014-03-13
JP-38,愛媛県,185,2014-03-13
JP-39,高知県,106,2014-03-13
JP-40,福岡県,700,2014-03-13
JP-41,佐賀県,207,2014-03-13
JP-42,長崎県,143,2014-03-13
JP-43,熊本県,397,2014-03-13
JP-44,大分県,254,2014-03-13
JP-45,宮崎県,236,2014-03-13
JP-46,鹿児島県,231,2014-03-13
JP-47,沖縄県,967,2014-03-13
JP-01,北海道,2657,2014-04-10
JP-02,青森県,643,2014-04-10
JP-03,岩手県,34305,2014-04-10
JP-04,宮城県,87229,2014-04-10
JP-05,秋田県,1069,2014-04-10
JP-06,山形県,5715,2014-04-10
JP-07,福島県,86409,2014-04-10
JP-08,茨城県,4761,2014-04-10
JP-09,栃木県,3005,2014-04-10
JP-10,群馬県,1511,2014-04-10
JP-11,埼玉県,2754,2014-04-10
JP-12,千葉県,3939,2014-04-10
JP-13,東京都,7957,2014-04-10
JP-14,神奈川県,2340,2014-04-10
JP-15,新潟県,4502,2014-04-10
JP-16,富山県,284,2014-04-10
JP-17,石川県,374,2014-04-10
JP-18,福井県,255,2014-04-10
JP-19,山梨県,722,2014-04-10
JP-20,長野県,1147,2014-04-10
JP-21,岐阜県,314,2014-04-10
JP-22,静岡県,1028,2014-04-10
JP-23,愛知県,1190,2014-04-10
JP-24,三重県,489,2014-04-10
JP-25,滋賀県,298,2014-04-10
JP-26,京都府,926,2014-04-10
JP-27,大阪府,919,2014-04-10
JP-28,兵庫県,920,2014-04-10
JP-29,奈良県,164,2014-04-10
JP-30,和歌山県,94,2014-04-10
JP-31,鳥取県,174,2014-04-10
JP-32,島根県,100,2014-04-10
JP-33,岡山県,1081,2014-04-10
JP-34,広島県,465,2014-04-10
JP-35,山口県,146,2014-04-10
JP-36,徳島県,71,2014-04-10
JP-37,香川県,97,2014-04-10
JP-38,愛媛県,185,2014-04-10
JP-39,高知県,106,2014-04-10
JP-40,福岡県,700,2014-04-10
JP-41,佐賀県,185,2014-04-10
JP-42,長崎県,136,2014-04-10
JP-43,熊本県,390,2014-04-10
JP-44,大分県,238,2014-04-10
JP-45,宮崎県,238,2014-04-10
JP-46,鹿児島県,218,2014-04-10
JP-47,沖縄県,942,2014-04-10
JP-01,北海道,2636,2014-05-15
JP-02,青森県,637,2014-05-15
JP-03,岩手県,33831,2014-05-15
JP-04,宮城県,85408,2014-05-15
JP-05,秋田県,1058,2014-05-15
JP-06,山形県,5441,2014-05-15
JP-07,福島県,84671,2014-05-15
JP-08,茨城県,4544,2014-05-15
JP-09,栃木県,2999,2014-05-15
JP-10,群馬県,1466,2014-05-15
JP-11,埼玉県,2675,2014-05-15
JP-12,千葉県,3935,2014-05-15
JP-13,東京都,7859,2014-05-15
JP-14,神奈川県,2270,2014-05-15
JP-15,新潟県,4443,2014-05-15
JP-16,富山県,250,2014-05-15
JP-17,石川県,368,2014-05-15
JP-18,福井県,255,2014-05-15
JP-19,山梨県,717,2014-05-15
JP-20,長野県,1105,2014-05-15
JP-21,岐阜県,312,2014-05-15
JP-22,静岡県,1020,2014-05-15
JP-23,愛知県,1182,2014-05-15
JP-24,三重県,481,2014-05-15
JP-25,滋賀県,237,2014-05-15
JP-26,京都府,921,2014-05-15
JP-27,大阪府,889,2014-05-15
JP-28,兵庫県,926,2014-05-15
JP-29,奈良県,164,2014-05-15
JP-30,和歌山県,94,2014-05-15
JP-31,鳥取県,173,2014-05-15
JP-32,島根県,94,2014-05-15
JP-33,岡山県,1103,2014-05-15
JP-34,広島県,465,2014-05-15
JP-35,山口県,144,2014-05-15
JP-36,徳島県,67,2014-05-15
JP-37,香川県,92,2014-05-15
JP-38,愛媛県,185,2014-05-15
JP-39,高知県,105,2014-05-15
JP-40,福岡県,694,2014-05-15
JP-41,佐賀県,180,2014-05-15
JP-42,長崎県,135,2014-05-15
JP-43,熊本県,360,2014-05-15
JP-44,大分県,238,2014-05-15
JP-45,宮崎県,237,2014-05-15
JP-46,鹿児島県,218,2014-05-15
JP-47,沖縄県,935,2014-05-15
JP-01,北海道,2627,2014-06-12
JP-02,青森県,627,2014-06-12
JP-03,岩手県,33221,2014-06-12
JP-04,宮城県,81923,2014-06-12
JP-05,秋田県,1042,2014-06-12
JP-06,山形県,5276,2014-06-12
JP-07,福島県,82657,2014-06-12
JP-08,茨城県,4471,2014-06-12
JP-09,栃木県,2991,2014-06-12
JP-10,群馬県,1425,2014-06-12
JP-11,埼玉県,2640,2014-06-12
JP-12,千葉県,3924,2014-06-12
JP-13,東京都,7798,2014-06-12
JP-14,神奈川県,2204,2014-06-12
JP-15,新潟県,4342,2014-06-12
JP-16,富山県,250,2014-06-12
JP-17,石川県,363,2014-06-12
JP-18,福井県,255,2014-06-12
JP-19,山梨県,713,2014-06-12
JP-20,長野県,1099,2014-06-12
JP-21,岐阜県,316,2014-06-12
JP-22,静岡県,1016,2014-06-12
JP-23,愛知県,1181,2014-06-12
JP-24,三重県,475,2014-06-12
JP-25,滋賀県,233,2014-06-12
JP-26,京都府,875,2014-06-12
JP-27,大阪府,883,2014-06-12
JP-28,兵庫県,917,2014-06-12
JP-29,奈良県,164,2014-06-12
JP-30,和歌山県,94,2014-06-12
JP-31,鳥取県,176,2014-06-12
JP-32,島根県,94,2014-06-12
JP-33,岡山県,1113,2014-06-12
JP-34,広島県,472,2014-06-12
JP-35,山口県,138,2014-06-12
JP-36,徳島県,67,2014-06-12
JP-37,香川県,92,2014-06-12
JP-38,愛媛県,185,2014-06-12
JP-39,高知県,105,2014-06-12
JP-40,福岡県,688,2014-06-12
JP-41,佐賀県,180,2014-06-12
JP-42,長崎県,135,2014-06-12
JP-43,熊本県,363,2014-06-12
JP-44,大分県,235,2014-06-12
JP-45,宮崎県,236,2014-06-12
JP-46,鹿児島県,218,2014-06-12
JP-47,沖縄県,920,2014-06-12
JP-01,北海道,2616,2014-07-10
JP-02,青森県,617,2014-07-10
JP-03,岩手県,32539,2014-07-10
JP-04,宮城県,80009,2014-07-10
JP-05,秋田県,1028,2014-07-10
JP-06,山形県,5075,2014-07-10
JP-07,福島県,81252,2014-07-10
JP-08,茨城県,4355,2014-07-10
JP-09,栃木県,2998,2014-07-10
JP-10,群馬県,1425,2014-07-10
JP-11,埼玉県,2992,2014-07-10
JP-12,千葉県,3924,2014-07-10
JP-13,東京都,7741,2014-07-10
JP-14,神奈川県,2182,2014-07-10
JP-15,新潟県,4300,2014-07-10
JP-16,富山県,250,2014-07-10
JP-17,石川県,363,2014-07-10
JP-18,福井県,255,2014-07-10
JP-19,山梨県,712,2014-07-10
JP-20,長野県,1087,2014-07-10
JP-21,岐阜県,316,2014-07-10
JP-22,静岡県,987,2014-07-10
JP-23,愛知県,1178,2014-07-10
JP-24,三重県,476,2014-07-10
JP-25,滋賀県,229,2014-07-10
JP-26,京都府,889,2014-07-10
JP-27,大阪府,881,2014-07-10
JP-28,兵庫県,922,2014-07-10
JP-29,奈良県,157,2014-07-10
JP-30,和歌山県,95,2014-07-10
JP-31,鳥取県,176,2014-07-10
JP-32,島根県,94,2014-07-10
JP-33,岡山県,1127,2014-07-10
JP-34,広島県,469,2014-07-10
JP-35,山口県,136,2014-07-10
JP-36,徳島県,67,2014-07-10
JP-37,香川県,92,2014-07-10
JP-38,愛媛県,185,2014-07-10
JP-39,高知県,105,2014-07-10
JP-40,福岡県,688,2014-07-10
JP-41,佐賀県,178,2014-07-10
JP-42,長崎県,135,2014-07-10
JP-43,熊本県,361,2014-07-10
JP-44,大分県,231,2014-07-10
JP-45,宮崎県,235,2014-07-10
JP-46,鹿児島県,215,2014-07-10
JP-47,沖縄県,889,2014-07-10
JP-01,北海道,2605,2014-08-14
JP-02,青森県,604,2014-08-14
JP-03,岩手県,32089,2014-08-14
JP-04,宮城県,78800,2014-08-14
JP-05,秋田県,1028,2014-08-14
JP-06,山形県,4913,2014-08-14
JP-07,福島県,79000,2014-08-14
JP-08,茨城県,4349,2014-08-14
JP-09,栃木県,2998,2014-08-14
JP-10,群馬県,1413,2014-08-14
JP-11,埼玉県,5639,2014-08-14
JP-12,千葉県,3916,2014-08-14
JP-13,東京都,7696,2014-08-14
JP-14,神奈川県,2154,2014-08-14
JP-15,新潟県,4275,2014-08-14
JP-16,富山県,250,2014-08-14
JP-17,石川県,363,2014-08-14
JP-18,福井県,248,2014-08-14
JP-19,山梨県,712,2014-08-14
JP-20,長野県,1085,2014-08-14
JP-21,岐阜県,313,2014-08-14
JP-22,静岡県,976,2014-08-14
JP-23,愛知県,1178,2014-08-14
JP-24,三重県,461,2014-08-14
JP-25,滋賀県,227,2014-08-14
JP-26,京都府,886,2014-08-14
JP-27,大阪府,878,2014-08-14
JP-28,兵庫県,923,2014-08-14
JP-29,奈良県,161,2014-08-14
JP-30,和歌山県,95,2014-08-14
JP-31,鳥取県,175,2014-08-14
JP-32,島根県,96,2014-08-14
JP-33,岡山県,1137,2014-08-14
JP-34,広島県,465,2014-08-14
JP-35,山口県,129,2014-08-14
JP-36,徳島県,66,2014-08-14
JP-37,香川県,91,2014-08-14
JP-38,愛媛県,185,2014-08-14
JP-39,高知県,102,2014-08-14
JP-40,福岡県,705,2014-08-14
JP-41,佐賀県,174,2014-08-14
JP-42,長崎県,135,2014-08-14
JP-43,熊本県,361,2014-08-14
JP-44,大分県,236,2014-08-14
JP-45,宮崎県,232,2014-08-14
JP-46,鹿児島県,212,2014-08-14
JP-47,沖縄県,886,2014-08-14
JP-01,北海道,2589,2014-09-11
JP-02,青森県,594,2014-09-11
JP-03,岩手県,31714,2014-09-11
JP-04,宮城県,77836,2014-09-11
JP-05,秋田県,1017,2014-09-11
JP-06,山形県,4808,2014-09-11
JP-07,福島県,78577,2014-09-11
JP-08,茨城県,4343,2014-09-11
JP-09,栃木県,2984,2014-09-11
JP-10,群馬県,1398,2014-09-11
JP-11,埼玉県,5591,2014-09-11
JP-12,千葉県,3565,2014-09-11
JP-13,東京都,7659,2014-09-11
JP-14,神奈川県,2128,2014-09-11
JP-15,新潟県,4222,2014-09-11
JP-16,富山県,250,2014-09-11
JP-17,石川県,356,2014-09-11
JP-18,福井県,248,2014-09-11
JP-19,山梨県,709,2014-09-11
JP-20,長野県,1065,2014-09-11
JP-21,岐阜県,313,2014-09-11
JP-22,静岡県,963,2014-09-11
JP-23,愛知県,1176,2014-09-11
JP-24,三重県,466,2014-09-11
JP-25,滋賀県,227,2014-09-11
JP-26,京都府,871,2014-09-11
JP-27,大阪府,865,2014-09-11
JP-28,兵庫県,911,2014-09-11
JP-29,奈良県,161,2014-09-11
JP-30,和歌山県,95,2014-09-11
JP-31,鳥取県,175,2014-09-11
JP-32,島根県,96,2014-09-11
JP-33,岡山県,1126,2014-09-11
JP-34,広島県,466,2014-09-11
JP-35,山口県,129,2014-09-11
JP-36,徳島県,66,2014-09-11
JP-37,香川県,91,2014-09-11
JP-38,愛媛県,185,2014-09-11
JP-39,高知県,96,2014-09-11
JP-40,福岡県,705,2014-09-11
JP-41,佐賀県,174,2014-09-11
JP-42,長崎県,128,2014-09-11
JP-43,熊本県,363,2014-09-11
JP-44,大分県,235,2014-09-11
JP-45,宮崎県,232,2014-09-11
JP-46,鹿児島県,204,2014-09-11
JP-47,沖縄県,868,2014-09-11
JP-01,北海道,2588,2014-10-16
JP-02,青森県,587,2014-10-16
JP-03,岩手県,31216,2014-10-16
JP-04,宮城県,76628,2014-10-16
JP-05,秋田県,1016,2014-10-16
JP-06,山形県,4728,2014-10-16
JP-07,福島県,76861,2014-10-16
JP-08,茨城県,4336,2014-10-16
JP-09,栃木県,2967,2014-10-16
JP-10,群馬県,1392,2014-10-16
JP-11,埼玉県,5562,2014-10-16
JP-12,千葉県,3550,2014-10-16
JP-13,東京都,7638,2014-10-16
JP-14,神奈川県,2122,2014-10-16
JP-15,新潟県,4196,2014-10-16
JP-16,富山県,250,2014-10-16
JP-17,石川県,347,2014-10-16
JP-18,福井県,248,2014-10-16
JP-19,山梨県,709,2014-10-16
JP-20,長野県,1065,2014-10-16
JP-21,岐阜県,313,2014-10-16
JP-22,静岡県,961,2014-10-16
JP-23,愛知県,1174,2014-10-16
JP-24,三重県,463,2014-10-16
JP-25,滋賀県,235,2014-10-16
JP-26,京都府,865,2014-10-16
JP-27,大阪府,864,2014-10-16
JP-28,兵庫県,906,2014-10-16
JP-29,奈良県,160,2014-10-16
JP-30,和歌山県,95,2014-10-16
JP-31,鳥取県,174,2014-10-16
JP-32,島根県,96,2014-10-16
JP-33,岡山県,1117,2014-10-16
JP-34,広島県,466,2014-10-16
JP-35,山口県,129,2014-10-16
JP-36,徳島県,66,2014-10-16
JP-37,香川県,91,2014-10-16
JP-38,愛媛県,182,2014-10-16
JP-39,高知県,92,2014-10-16
JP-40,福岡県,702,2014-10-16
JP-41,佐賀県,174,2014-10-16
JP-42,長崎県,127,2014-10-16
JP-43,熊本県,363,2014-10-16
JP-44,大分県,229,2014-10-16
JP-45,宮崎県,232,2014-10-16
JP-46,鹿児島県,202,2014-10-16
JP-47,沖縄県,857,2014-10-16
JP-01,北海道,2587,2014-11-13
JP-02,青森県,582,2014-11-13
JP-03,岩手県,30664,2014-11-13
JP-04,宮城県,75416,2014-11-13
JP-05,秋田県,1014,2014-11-13
JP-06,山形県,4632,2014-11-13
JP-07,福島県,75679,2014-11-13
JP-08,茨城県,4277,2014-11-13
JP-09,栃木県,2963,2014-11-13
JP-10,群馬県,1391,2014-11-13
JP-11,埼玉県,5543,2014-11-13
JP-12,千葉県,3531,2014-11-13
JP-13,東京都,7584,2014-11-13
JP-14,神奈川県,2094,2014-11-13
JP-15,新潟県,4157,2014-11-13
JP-16,富山県,250,2014-11-13
JP-17,石川県,347,2014-11-13
JP-18,福井県,248,2014-11-13
JP-19,山梨県,709,2014-11-13
JP-20,長野県,1067,2014-11-13
JP-21,岐阜県,309,2014-11-13
JP-22,静岡県,941,2014-11-13
JP-23,愛知県,1155,2014-11-13
JP-24,三重県,463,2014-11-13
JP-25,滋賀県,235,2014-11-13
JP-26,京都府,826,2014-11-13
JP-27,大阪府,863,2014-11-13
JP-28,兵庫県,910,2014-11-13
JP-29,奈良県,160,2014-11-13
JP-30,和歌山県,95,2014-11-13
JP-31,鳥取県,172,2014-11-13
JP-32,島根県,95,2014-11-13
JP-33,岡山県,1120,2014-11-13
JP-34,広島県,451,2014-11-13
JP-35,山口県,129,2014-11-13
JP-36,徳島県,66,2014-11-13
JP-37,香川県,91,2014-11-13
JP-38,愛媛県,182,2014-11-13
JP-39,高知県,92,2014-11-13
JP-40,福岡県,697,2014-11-13
JP-41,佐賀県,174,2014-11-13
JP-42,長崎県,127,2014-11-13
JP-43,熊本県,363,2014-11-13
JP-44,大分県,229,2014-11-13
JP-45,宮崎県,232,2014-11-13
JP-46,鹿児島県,205,2014-11-13
JP-47,沖縄県,840,2014-11-13
JP-01,北海道,2575,2014-12-11
JP-02,青森県,578,2014-12-11
JP-03,岩手県,30289,2014-12-11
JP-04,宮城県,73796,2014-12-11
JP-05,秋田県,1005,2014-12-11
JP-06,山形県,4537,2014-12-11
JP-07,福島県,75440,2014-12-11
JP-08,茨城県,4265,2014-12-11
JP-09,栃木県,2958,2014-12-11
JP-10,群馬県,1391,2014-12-11
JP-11,埼玉県,5650,2014-12-11
JP-12,千葉県,3516,2014-12-11
JP-13,東京都,7553,2014-12-11
JP-14,神奈川県,2063,2014-12-11
JP-15,新潟県,4113,2014-12-11
JP-16,富山県,250,2014-12-11
JP-17,石川県,334,2014-12-11
JP-18,福井県,248,2014-12-11
JP-19,山梨県,709,2014-12-11
JP-20,長野県,1073,2014-12-11
JP-21,岐阜県,309,2014-12-11
JP-22,静岡県,942,2014-12-11
JP-23,愛知県,1156,2014-12-11
JP-24,三重県,463,2014-12-11
JP-25,滋賀県,235,2014-12-11
JP-26,京都府,817,2014-12-11
JP-27,大阪府,862,2014-12-11
JP-28,兵庫県,895,2014-12-11
JP-29,奈良県,160,2014-12-11
JP-30,和歌山県,95,2014-12-11
JP-31,鳥取県,172,2014-12-11
JP-32,島根県,95,2014-12-11
JP-33,岡山県,1120,2014-12-11
JP-34,広島県,451,2014-12-11
JP-35,山口県,126,2014-12-11
JP-36,徳島県,66,2014-12-11
JP-37,香川県,91,2014-12-11
JP-38,愛媛県,182,2014-12-11
JP-39,高知県,92,2014-12-11
JP-40,福岡県,697,2014-12-11
JP-41,佐賀県,173,2014-12-11
JP-42,長崎県,127,2014-12-11
JP-43,熊本県,363,2014-12-11
JP-44,大分県,225,2014-12-11
JP-45,宮崎県,232,2014-12-11
JP-46,鹿児島県,204,2014-12-11
JP-47,沖縄県,819,2014-12-11
JP-01,北海道,2571,2015-01-15
JP-02,青森県,578,2015-01-15
JP-03,岩手県,29771,2015-01-15
JP-04,宮城県,72244,2015-01-15
JP-05,秋田県,1006,2015-01-15
JP-06,山形県,4429,2015-01-15
JP-07,福島県,74139,2015-01-15
JP-08,茨城県,4259,2015-01-15
JP-09,栃木県,2963,2015-01-15
JP-10,群馬県,1377,2015-01-15
JP-11,埼玉県,5632,2015-01-15
JP-12,千葉県,3515,2015-01-15
JP-13,東京都,7548,2015-01-15
JP-14,神奈川県,2036,2015-01-15
JP-15,新潟県,4106,2015-01-15
JP-16,富山県,250,2015-01-15
JP-17,石川県,327,2015-01-15
JP-18,福井県,248,2015-01-15
JP-19,山梨県,709,2015-01-15
JP-20,長野県,1062,2015-01-15
JP-21,岐阜県,305,2015-01-15
JP-22,静岡県,928,2015-01-15
JP-23,愛知県,1157,2015-01-15
JP-24,三重県,463,2015-01-15
JP-25,滋賀県,232,2015-01-15
JP-26,京都府,807,2015-01-15
JP-27,大阪府,862,2015-01-15
JP-28,兵庫県,890,2015-01-15
JP-29,奈良県,161,2015-01-15
JP-30,和歌山県,95,2015-01-15
JP-31,鳥取県,172,2015-01-15
JP-32,島根県,95,2015-01-15
JP-33,岡山県,1120,2015-01-15
JP-34,広島県,438,2015-01-15
JP-35,山口県,126,2015-01-15
JP-36,徳島県,66,2015-01-15
JP-37,香川県,91,2015-01-15
JP-38,愛媛県,183,2015-01-15
JP-39,高知県,86,2015-01-15
JP-40,福岡県,697,2015-01-15
JP-41,佐賀県,171,2015-01-15
JP-42,長崎県,127,2015-01-15
JP-43,熊本県,363,2015-01-15
JP-44,大分県,223,2015-01-15
JP-45,宮崎県,233,2015-01-15
JP-46,鹿児島県,204,2015-01-15
JP-47,沖縄県,832,2015-01-15
JP-01,北海道,2563,2015-02-12
JP-02,青森県,575,2015-02-12
JP-03,岩手県,29433,2015-02-12
JP-04,宮城県,70949,2015-02-12
JP-05,秋田県,1005,2015-02-12
JP-06,山形県,4398,2015-02-12
JP-07,福島県,72790,2015-02-12
JP-08,茨城県,4264,2015-02-12
JP-09,栃木県,2954,2015-02-12
JP-10,群馬県,1366,2015-02-12
JP-11,埼玉県,5638,2015-02-12
JP-12,千葉県,3512,2015-02-12
JP-13,東京都,7509,2015-02-12
JP-14,神奈川県,4174,2015-02-12
JP-15,新潟県,4089,2015-02-12
JP-16,富山県,251,2015-02-12
JP-17,石川県,314,2015-02-12
JP-18,福井県,248,2015-02-12
JP-19,山梨県,684,2015-02-12
JP-20,長野県,1059,2015-02-12
JP-21,岐阜県,305,2015-02-12
JP-22,静岡県,918,2015-02-12
JP-23,愛知県,1154,2015-02-12
JP-24,三重県,466,2015-02-12
JP-25,滋賀県,228,2015-02-12
JP-26,京都府,810,2015-02-12
JP-27,大阪府,854,2015-02-12
JP-28,兵庫県,889,2015-02-12
JP-29,奈良県,161,2015-02-12
JP-30,和歌山県,95,2015-02-12
JP-31,鳥取県,170,2015-02-12
JP-32,島根県,95,2015-02-12
JP-33,岡山県,1120,2015-02-12
JP-34,広島県,437,2015-02-12
JP-35,山口県,126,2015-02-12
JP-36,徳島県,66,2015-02-12
JP-37,香川県,95,2015-02-12
JP-38,愛媛県,183,2015-02-12
JP-39,高知県,84,2015-02-12
JP-40,福岡県,692,2015-02-12
JP-41,佐賀県,171,2015-02-12
JP-42,長崎県,125,2015-02-12
JP-43,熊本県,363,2015-02-12
JP-44,大分県,223,2015-02-12
JP-45,宮崎県,233,2015-02-12
JP-46,鹿児島県,202,2015-02-12
JP-47,沖縄県,823,2015-02-12
JP-01,北海道,2555,2015-03-12
JP-02,青森県,574,2015-03-12
JP-03,岩手県,28950,2015-03-12
JP-04,宮城県,69561,2015-03-12
JP-05,秋田県,996,2015-03-12
JP-06,山形県,4346,2015-03-12
JP-07,福島県,71399,2015-03-12
JP-08,茨城県,4244,2015-03-12
JP-09,栃木県,2947,2015-03-12
JP-10,群馬県,1347,2015-03-12
JP-11,埼玉県,5575,2015-03-12
JP-12,千葉県,3511,2015-03-12
JP-13,東京都,7434,2015-03-12
JP-14,神奈川県,4130,2015-03-12
JP-15,新潟県,4076,2015-03-12
JP-16,富山県,234,2015-03-12
JP-17,石川県,308,2015-03-12
JP-18,福井県,247,2015-03-12
JP-19,山梨県,683,2015-03-12
JP-20,長野県,1055,2015-03-12
JP-21,岐阜県,305,2015-03-12
JP-22,静岡県,910,2015-03-12
JP-23,愛知県,1137,2015-03-12
JP-24,三重県,465,2015-03-12
JP-25,滋賀県,225,2015-03-12
JP-26,京都府,808,2015-03-12
JP-27,大阪府,829,2015-03-12
JP-28,兵庫県,883,2015-03-12
JP-29,奈良県,161,2015-03-12
JP-30,和歌山県,94,2015-03-12
JP-31,鳥取県,171,2015-03-12
JP-32,島根県,90,2015-03-12
JP-33,岡山県,1120,2015-03-12
JP-34,広島県,437,2015-03-12
JP-35,山口県,122,2015-03-12
JP-36,徳島県,66,2015-03-12
JP-37,香川県,91,2015-03-12
JP-38,愛媛県,183,2015-03-12
JP-39,高知県,84,2015-03-12
JP-40,福岡県,695,2015-03-12
JP-41,佐賀県,171,2015-03-12
JP-42,長崎県,125,2015-03-12
JP-43,熊本県,361,2015-03-12
JP-44,大分県,223,2015-03-12
JP-45,宮崎県,231,2015-03-12
JP-46,鹿児島県,202,2015-03-12
JP-47,沖縄県,816,2015-03-12
JP-01,北海道,2537,2015-04-16
JP-02,青森県,539,2015-04-16
JP-03,岩手県,28482,2015-04-16
JP-04,宮城県,67510,2015-04-16
JP-05,秋田県,928,2015-04-16
JP-06,山形県,4204,2015-04-16
JP-07,福島県,69208,2015-04-16
JP-08,茨城県,4172,2015-04-16
JP-09,栃木県,2935,2015-04-16
JP-10,群馬県,1325,2015-04-16
JP-11,埼玉県,5508,2015-04-16
JP-12,千葉県,3539,2015-04-16
JP-13,東京都,7424,2015-04-16
JP-14,神奈川県,4002,2015-04-16
JP-15,新潟県,3963,2015-04-16
JP-16,富山県,227,2015-04-16
JP-17,石川県,300,2015-04-16
JP-18,福井県,244,2015-04-16
JP-19,山梨県,685,2015-04-16
JP-20,長野県,1042,2015-04-16
JP-21,岐阜県,270,2015-04-16
JP-22,静岡県,907,2015-04-16
JP-23,愛知県,1131,2015-04-16
JP-24,三重県,462,2015-04-16
JP-25,滋賀県,225,2015-04-16
JP-26,京都府,778,2015-04-16
JP-27,大阪府,829,2015-04-16
JP-28,兵庫県,875,2015-04-16
JP-29,奈良県,159,2015-04-16
JP-30,和歌山県,94,2015-04-16
JP-31,鳥取県,173,2015-04-16
JP-32,島根県,90,2015-04-16
JP-33,岡山県,1136,2015-04-16
JP-34,広島県,436,2015-04-16
JP-35,山口県,122,2015-04-16
JP-36,徳島県,66,2015-04-16
JP-37,香川県,88,2015-04-16
JP-38,愛媛県,180,2015-04-16
JP-39,高知県,84,2015-04-16
JP-40,福岡県,696,2015-04-16
JP-41,佐賀県,165,2015-04-16
JP-42,長崎県,124,2015-04-16
JP-43,熊本県,361,2015-04-16
JP-44,大分県,221,2015-04-16
JP-45,宮崎県,231,2015-04-16
JP-46,鹿児島県,193,2015-04-16
JP-47,沖縄県,748,2015-04-16
JP-01,北海道,2546,2015-05-14
JP-02,青森県,534,2015-05-14
JP-03,岩手県,27391,2015-05-14
JP-04,宮城県,63962,2015-05-14
JP-05,秋田県,901,2015-05-14
JP-06,山形県,3982,2015-05-14
JP-07,福島県,67004,2015-05-14
JP-08,茨城県,4026,2015-05-14
JP-09,栃木県,2930,2015-05-14
JP-10,群馬県,1298,2015-05-14
JP-11,埼玉県,5480,2015-05-14
JP-12,千葉県,3575,2015-05-14
JP-13,東京都,7403,2015-05-14
JP-14,神奈川県,3912,2015-05-14
JP-15,新潟県,3896,2015-05-14
JP-16,富山県,213,2015-05-14
JP-17,石川県,297,2015-05-14
JP-18,福井県,244,2015-05-14
JP-19,山梨県,685,2015-05-14
JP-20,長野県,1028,2015-05-14
JP-21,岐阜県,270,2015-05-14
JP-22,静岡県,907,2015-05-14
JP-23,愛知県,1120,2015-05-14
JP-24,三重県,448,2015-05-14
JP-25,滋賀県,209,2015-05-14
JP-26,京都府,746,2015-05-14
JP-27,大阪府,789,2015-05-14
JP-28,兵庫県,875,2015-05-14
JP-29,奈良県,156,2015-05-14
JP-30,和歌山県,94,2015-05-14
JP-31,鳥取県,154,2015-05-14
JP-32,島根県,93,2015-05-14
JP-33,岡山県,1130,2015-05-14
JP-34,広島県,419,2015-05-14
JP-35,山口県,120,2015-05-14
JP-36,徳島県,66,2015-05-14
JP-37,香川県,83,2015-05-14
JP-38,愛媛県,180,2015-05-14
JP-39,高知県,84,2015-05-14
JP-40,福岡県,696,2015-05-14
JP-41,佐賀県,165,2015-05-14
JP-42,長崎県,122,2015-05-14
JP-43,熊本県,361,2015-05-14
JP-44,大分県,224,2015-05-14
JP-45,宮崎県,232,2015-05-14
JP-46,鹿児島県,190,2015-05-14
JP-47,沖縄県,736,2015-05-14
JP-01,北海道,2524,2015-06-11
JP-02,青森県,525,2015-06-11
JP-03,岩手県,26673,2015-06-11
JP-04,宮城県,61816,2015-06-11
JP-05,秋田県,895,2015-06-11
JP-06,山形県,3901,2015-06-11
JP-07,福島県,65485,2015-06-11
JP-08,茨城県,3894,2015-06-11
JP-09,栃木県,2929,2015-06-11
JP-10,群馬県,1289,2015-06-11
JP-11,埼玉県,5452,2015-06-11
JP-12,千葉県,3555,2015-06-11
JP-13,東京都,7375,2015-06-11
JP-14,神奈川県,3885,2015-06-11
JP-15,新潟県,3827,2015-06-11
JP-16,富山県,216,2015-06-11
JP-17,石川県,296,2015-06-11
JP-18,福井県,244,2015-06-11
JP-19,山梨県,684,2015-06-11
JP-20,長野県,1028,2015-06-11
JP-21,岐阜県,270,2015-06-11
JP-22,静岡県,900,2015-06-11
JP-23,愛知県,1116,2015-06-11
JP-24,三重県,444,2015-06-11
JP-25,滋賀県,210,2015-06-11
JP-26,京都府,731,2015-06-11
JP-27,大阪府,783,2015-06-11
JP-28,兵庫県,877,2015-06-11
JP-29,奈良県,153,2015-06-11
JP-30,和歌山県,94,2015-06-11
JP-31,鳥取県,154,2015-06-11
JP-32,島根県,94,2015-06-11
JP-33,岡山県,1141,2015-06-11
JP-34,広島県,419,2015-06-11
JP-35,山口県,120,2015-06-11
JP-36,徳島県,66,2015-06-11
JP-37,香川県,83,2015-06-11
JP-38,愛媛県,180,2015-06-11
JP-39,高知県,84,2015-06-11
JP-40,福岡県,696,2015-06-11
JP-41,佐賀県,165,2015-06-11
JP-42,長崎県,122,2015-06-11
JP-43,熊本県,361,2015-06-11
JP-44,大分県,224,2015-06-11
JP-45,宮崎県,232,2015-06-11
JP-46,鹿児島県,190,2015-06-11
JP-47,沖縄県,730,2015-06-11
JP-01,北海道,2495,2015-07-16
JP-02,青森県,513,2015-07-16
JP-03,岩手県,26235,2015-07-16
JP-04,宮城県,59253,2015-07-16
JP-05,秋田県,889,2015-07-16
JP-06,山形県,3867,2015-07-16
JP-07,福島県,63988,2015-07-16
JP-08,茨城県,3936,2015-07-16
JP-09,栃木県,2930,2015-07-16
JP-10,群馬県,1280,2015-07-16
JP-11,埼玉県,5437,2015-07-16
JP-12,千葉県,3530,2015-07-16
JP-13,東京都,7341,2015-07-16
JP-14,神奈川県,3874,2015-07-16
JP-15,新潟県,3800,2015-07-16
JP-16,富山県,215,2015-07-16
JP-17,石川県,296,2015-07-16
JP-18,福井県,244,2015-07-16
JP-19,山梨県,690,2015-07-16
JP-20,長野県,1014,2015-07-16
JP-21,岐阜県,270,2015-07-16
JP-22,静岡県,898,2015-07-16
JP-23,愛知県,1111,2015-07-16
JP-24,三重県,444,2015-07-16
JP-25,滋賀県,210,2015-07-16
JP-26,京都府,731,2015-07-16
JP-27,大阪府,763,2015-07-16
JP-28,兵庫県,871,2015-07-16
JP-29,奈良県,153,2015-07-16
JP-30,和歌山県,94,2015-07-16
JP-31,鳥取県,154,2015-07-16
JP-32,島根県,96,2015-07-16
JP-33,岡山県,1139,2015-07-16
JP-34,広島県,420,2015-07-16
JP-35,山口県,117,2015-07-16
JP-36,徳島県,66,2015-07-16
JP-37,香川県,83,2015-07-16
JP-38,愛媛県,180,2015-07-16
JP-39,高知県,84,2015-07-16
JP-40,福岡県,698,2015-07-16
JP-41,佐賀県,160,2015-07-16
JP-42,長崎県,121,2015-07-16
JP-43,熊本県,361,2015-07-16
JP-44,大分県,213,2015-07-16
JP-45,宮崎県,232,2015-07-16
JP-46,鹿児島県,190,2015-07-16
JP-47,沖縄県,747,2015-07-16
